Job ID,Job URL,Job Title,Company Name,Status,Timestamp,WP ID
7161f2978b663456,https://pg.linkedin.com/jobs/view/production-scheduler-at-bat-4425890321,Production Scheduler,,scraped,2026-07-07T01:05:32.342857,
d42e6acd13fd46ff,https://pg.linkedin.com/jobs/view/draftsman-at-smec-an-sj-group-company-4414915658,Draftsman,SMEC (an SJ Group company),posted,2026-07-07T01:05:53.650182,22
42e0b1a113a8f45a,https://pg.linkedin.com/jobs/view/depot-clerk-lae-at-the-heineken-company-4432304824,Depot Clerk - Lae,The HEINEKEN Company,posted,2026-07-07T01:06:07.431534,24
5e0227fe10e74751,https://pg.linkedin.com/jobs/view/construction-planner-at-wood-4247878337,Construction Planner,Wood,posted,2026-07-07T01:06:22.195512,26
0c6b8c38b2852d96,https://pg.linkedin.com/jobs/view/security-operations-coordinator-physical-security-at-kina-bank-4437112830,Security Operations Coordinator - Physical Security,,scraped,2026-07-07T01:06:24.857901,
66fe51b33b5c4a05,https://pg.linkedin.com/jobs/view/events-coordinator-pie-program-at-abt-global-australia-4435500185,Events Coordinator | PIE Program,,scraped,2026-07-07T01:06:32.081069,
c05e37233e1c9959,https://pg.linkedin.com/jobs/view/autonomous-flight-safety-system-afss-for-hypersonic-weapon-systems-at-the-strategic-spectrum-missions-advanced-resilient-trusted-systems-s%C2%B2marts-ota-4436021924,Autonomous Flight Safety System (AFSS) for Hypersonic Weapon Systems,,scraped,2026-07-07T01:06:38.545642,
1dca54c497906acf,https://pg.linkedin.com/jobs/view/packer-auto-palletiser-operator-at-coca-cola-europacific-partners-4436330297,Packer Auto Palletiser Operator,Coca-Cola Europacific Partners,posted,2026-07-07T01:08:00.834783,28
b049b7d29b4063a4,https://pg.linkedin.com/jobs/view/draftsman-at-sj-group-4414934376,Draftsman,SJ Group,posted,2026-07-07T01:08:09.113950,22
e26d3156851332c5,https://pg.linkedin.com/jobs/view/trade-investment-analyst-at-bat-4436242726,Trade Investment Analyst,,scraped,2026-07-07T01:08:11.718080,
9c3818344d408227,https://pg.linkedin.com/jobs/view/community-affairs-manager-mining-natural-resources-at-pt-talenta-eksekutif-asia-4431935150,Community Affairs Manager (Mining & Natural Resources),PT Talenta Eksekutif Asia,posted,2026-07-07T01:09:42.081191,30
fae8ea36525e12b5,https://pg.linkedin.com/jobs/view/network-engineer-at-applus%2B-pacific-4436482472,Network Engineer,,scraped,2026-07-07T01:09:44.640664,
42c1e1ea1d603b81,https://pg.linkedin.com/jobs/view/health-safety-environment-officer-at-capital-limited-4431998949,Health Safety Environment Officer,Capital Limited,posted,2026-07-07T01:10:05.452530,32
607a409ab346ea75,https://pg.linkedin.com/jobs/view/community-affairs-manager-mining-natural-resources-at-pt-talenta-eksekutif-asia-4431922862,Community Affairs Manager (Mining & Natural Resources),PT Talenta Eksekutif Asia,posted,2026-07-07T01:11:16.091193,30
e54f3e25c1582525,https://pg.linkedin.com/jobs/view/chief-financial-officer-at-spinnaker-4436201467,Chief Financial Officer,,scraped,2026-07-07T01:11:18.583724,
61a65a3b6bc1c9e5,https://pg.linkedin.com/jobs/view/wash-engineer-consultant-triple-s-program-papa-new-guinea-port-morsby-nationals-only-office-based%23594138-at-unicef-4434657079,"WASH Engineer Consultant (Triple S Program) Papa New Guinea. Port Morsby. Nationals only, Office Based#594138",UNICEF,posted,2026-07-07T01:12:43.313087,34
cf45d14c6d05884f,https://pg.linkedin.com/jobs/view/graduate-engineering-internship-recruitment-program-at-exxonmobil-4436757903,Graduate Engineering Internship Recruitment Program,,scraped,2026-07-07T01:12:45.930980,
3c0959f70811ca1e,https://pg.linkedin.com/jobs/view/planner-at-newmont-corporation-4436093974,Planner,,scraped,2026-07-07T01:12:53.947514,
1a82a2c78a2eaeeb,https://pg.linkedin.com/jobs/view/job-credit-analyst-at-png-facts-4437480392,Job: Credit Analyst,,scraped,2026-07-07T01:14:04.609327,
495637ddcb260932,https://pg.linkedin.com/jobs/view/supervisor-front-end-shutdowns-at-newmont-corporation-4436084138,"Supervisor, Front-End Shutdowns",,scraped,2026-07-07T01:14:11.194333,
6b913766cd9c521d,https://pg.linkedin.com/jobs/view/senior-accountant-at-smec-an-sj-group-company-4414924422,Senior Accountant,SMEC (an SJ Group company),posted,2026-07-07T01:15:08.183395,36
028afa63a288c962,https://pg.linkedin.com/jobs/view/technician-permits-at-newmont-corporation-4432335565,"Technician, Permits",,scraped,2026-07-07T01:15:10.866439,
e4cc5e52101ea351,https://pg.linkedin.com/jobs/view/mission-experience-placement-png-at-maf-international-4435786778,Mission Experience Placement - PNG,,scraped,2026-07-07T01:15:17.921598,
077308642e19b563,https://pg.linkedin.com/jobs/view/mine-control-operator-at-k92-mining-inc-4433910932,Mine Control Operator,,scraped,2026-07-07T01:15:25.268711,
a0d2f94feb25ae0d,https://pg.linkedin.com/jobs/view/travel-coordinator-psep-at-abt-global-australia-4434973485,Travel Coordinator | PSEP,,scraped,2026-07-07T01:15:33.329419,
dcf5bdc4a5a74efe,https://pg.linkedin.com/jobs/view/regional-sales-manager-fmcg-at-global-talent-search-4436183316,Regional Sales Manager - FMCG,,scraped,2026-07-07T01:15:40.119376,
21937c394db252e1,https://pg.linkedin.com/jobs/view/senior-accountant-at-sj-group-4414925935,Senior Accountant,SJ Group,posted,2026-07-07T01:16:56.251749,36
029f902d415274d8,https://pg.linkedin.com/jobs/view/graduate-science-internship-program-at-exxonmobil-4436773156,Graduate Science Internship Program,,scraped,2026-07-07T01:16:58.900967,
936313def26a32c4,https://pg.linkedin.com/jobs/view/environment-specialist-international-at-smec-an-sj-group-company-4414914702,Environment Specialist (International),SMEC (an SJ Group company),posted,2026-07-07T01:18:28.985972,38
9def15ec3f7dace0,https://pg.linkedin.com/jobs/view/senior-social-development-and-gender-specialist-at-smec-an-sj-group-company-4414913694,Senior Social Development and Gender Specialist,SMEC (an SJ Group company),posted,2026-07-07T01:19:46.379538,40
fa6a12b386703577,https://pg.linkedin.com/jobs/view/senior-environment-specialist-at-smec-an-sj-group-company-4414929314,Senior Environment Specialist,SMEC (an SJ Group company),posted,2026-07-07T01:19:59.270238,42
e0272361a7ec009b,https://pg.linkedin.com/jobs/view/senior-qc-inspector-dual-welding-coating-at-placements-international-4435286852,Senior QC Inspector - Dual Welding & Coating,,scraped,2026-07-07T01:20:01.816342,
a0e394594a98ebfb,https://pg.linkedin.com/jobs/view/porgera-advisor-senior-%E2%80%93-community-development-at-barrick-mining-corporation-4436022066,"Porgera | Advisor, Senior – Community Development",,scraped,2026-07-07T01:21:12.844399,
c7f5124be89ab0f9,https://pg.linkedin.com/jobs/view/request-for-proposal-opinion-survey-at-dt-global-4324614929,Request for Proposal: Opinion Survey,,scraped,2026-07-07T01:21:19.479733,
50a1285f429aaa7a,https://pg.linkedin.com/jobs/view/hvac-technician-aromatics-at-ineos-styrolution-4416307336,HVAC Technician (Aromatics),,scraped,2026-07-07T01:23:21.930125,
11dc6e2a22925f82,https://pg.linkedin.com/jobs/view/mel-data-analytics-senior-coordinator-at-dt-global-4435421840,MEL Data Analytics Senior Coordinator,,scraped,2026-07-07T01:23:29.513893,
0bcd189068f482fa,https://pg.linkedin.com/jobs/view/business-improvement-specialist-at-harmony-australasia-4434500743,Business Improvement Specialist,,scraped,2026-07-07T12:18:05.206766,
dec15e282c5db0b5,https://pg.linkedin.com/jobs/view/several-job-opportunities-at-png-dataco-at-png-facts-4437486257,Several Job Opportunities at PNG DATACO,,scraped,2026-07-07T12:18:18.154372,
ce5e234029fa8e67,https://pg.linkedin.com/jobs/view/png-operations-and-maintenance-trainee-intake-11-at-exxonmobil-4436316488,PNG Operations and Maintenance Trainee (Intake-11),ExxonMobil,posted,2026-07-07T12:18:33.274591,44
c27b3b3d875c8074,https://pg.linkedin.com/jobs/view/intern-it-sasa-at-pt-sasa-inti-4431931406,Intern IT SASA,,scraped,2026-07-07T12:18:35.636937,
1baaf33ec3b1c9c0,https://pg.linkedin.com/jobs/view/site-safety-manager-%E2%80%93-underground-mining-at-pt-talenta-eksekutif-asia-4435445879,Site Safety Manager – Underground Mining,PT Talenta Eksekutif Asia,posted,2026-07-07T12:18:51.276665,46
876f29e7d8ad57f7,https://pg.linkedin.com/jobs/view/odia-content-writer-editor-remote-at-yo-it-consulting-4436057437,Odia Content Writer/Editor - Remote,,scraped,2026-07-07T12:19:07.659862,
0ad19fd1d26a79ec,https://pg.linkedin.com/jobs/view/technician-mechanical-at-newmont-corporation-4426652559,"Technician, Mechanical",Newmont Corporation,posted,2026-07-07T12:19:25.625627,48
9b74b6215677c8e3,https://pg.linkedin.com/jobs/view/operations-finance-assistant-at-united-nations-volunteers-asia-the-pacific-4436597118,Operations & Finance Assistant,United Nations Volunteers - Asia & the Pacific,posted,2026-07-07T12:19:35.972967,50
9d7171f231a809fd,https://pg.linkedin.com/jobs/view/construction-specialist-at-placements-international-4436523808,Construction Specialist,,scraped,2026-07-07T12:19:38.560381,
830ee7cbd55c8b2a,https://pg.linkedin.com/jobs/view/portfolio-director-of-finance-business-support-at-ihg-hotels-resorts-4433139970,Portfolio Director of Finance & Business Support,,scraped,2026-07-07T12:19:46.650644,
ec677ebb3e170288,https://pg.linkedin.com/jobs/view/director-solution-sales-engineering-pacific-region-png-at-parallel-wireless-4388789400,"Director, Solution Sales Engineering, Pacific region (PNG)",Parallel Wireless,posted,2026-07-07T12:19:59.633336,52
aee6f87ee59e6737,https://pg.linkedin.com/jobs/view/partnership-analyst-at-united-nations-volunteers-4436222583,Partnership Analyst,,scraped,2026-07-07T12:20:02.457057,
2d65ccfea3248a0f,https://pg.linkedin.com/jobs/view/field-education-consultant-bima-gajah-mada-at-ruangguru-for-business-4437770763,Field Education Consultant - Bima Gajah Mada,,scraped,2026-07-07T12:20:11.785988,
415c696117f51a3f,https://pg.linkedin.com/jobs/view/human-resource-development-advisor-bp-apsp-at-abt-global-australia-4436502465,Human Resource Development Advisor | BP-APSP,,scraped,2026-07-07T12:20:19.194646,
5f241e6528445ecb,https://pg.linkedin.com/jobs/view/senior-associate-assurance-audit-at-ey-4413399808,Senior Associate - Assurance - Audit,EY,posted,2026-07-07T12:20:36.501434,54
eb6106198cf9af01,https://pg.linkedin.com/jobs/view/technician-fitter-fpm-at-k92-mining-inc-4433737297,Technician - Fitter (FPM),,scraped,2026-07-07T12:20:41.267432,
eb1a91d5b09d9153,https://pg.linkedin.com/jobs/view/leading-hand-mechanical-at-newmont-corporation-4426632904,"Leading Hand, Mechanical",Newmont Corporation,posted,2026-07-07T12:20:55.988501,56
37cfe5bee4de3c27,https://pg.linkedin.com/jobs/view/strassenbauer-in-strassenbaupraktiker-in-100%25-at-schutz-intervention-winterthur-4435780555,Strassenbauer:in / Strassenbaupraktiker:in (100%),Schutz & Intervention Winterthur,posted,2026-07-07T12:21:34.399531,58
188aba6bbf3ec1dd,https://pg.linkedin.com/jobs/view/porgera-advisor-community-development-at-barrick-mining-corporation-4436017220,Porgera | Advisor - Community Development,,scraped,2026-07-07T20:32:57.596779,
713d51258302ca55,https://pg.linkedin.com/jobs/view/technical-specialist-open-to-internal-and-external-applicants-at-undp-careers-4436744085,Technical Specialist [Open to internal and external applicants],UNDP Careers,posted,2026-07-07T20:33:11.279408,60
666bd4f617f336ce,https://pg.linkedin.com/jobs/view/salesforce-system-solution-architect-at-siemens-healthineers-4424474579,Salesforce System/Solution Architect,,scraped,2026-07-07T20:33:15.709436,
b885c89f14baf5f5,https://pg.linkedin.com/jobs/view/night-shift-traffic-management-operative-high-speed-at-udp-4434682528,Night shift Traffic Management Operative - high-speed,,scraped,2026-07-07T20:33:22.799916,
509f39820e00094b,https://pg.linkedin.com/jobs/view/junior-accountant-at-international-sos-4435391532,Junior Accountant,,scraped,2026-07-07T20:33:30.168552,
5a1af397724e1d92,https://pg.linkedin.com/jobs/view/gedsi-lead-at-dt-global-4427478760,GEDSI Lead,DT Global,posted,2026-07-07T20:33:44.395223,62
a32925d5ac06d8fb,https://pg.linkedin.com/jobs/view/project-associate-emergencies-and-disaster-management-at-iom-un-migration-4437763078,Project Associate (Emergencies and Disaster Management),IOM - UN Migration,posted,2026-07-07T20:33:57.357914,64
937133443ce3f23b,https://pg.linkedin.com/jobs/view/business-development-executive-at-a-d-training-4436223455,Business Development Executive,,scraped,2026-07-07T20:34:00.111892,
75c385a813f251ac,https://pg.linkedin.com/jobs/view/graduate-geotechnical-engineer-at-harmony-australasia-4434533320,Graduate Geotechnical Engineer,,scraped,2026-07-07T20:34:08.594596,
79491e2d80799af1,https://pg.linkedin.com/jobs/view/human-resources-and-admin-intern-at-iom-un-migration-4436307017,Human Resources and Admin Intern,IOM - UN Migration,posted,2026-07-07T20:34:39.948642,66
b83c87abb77c38eb,https://pg.linkedin.com/jobs/view/partnership-compliance-coordinator-at-world-vision-4436285260,Partnership & Compliance Coordinator,,scraped,2026-07-07T20:34:46.555063,
713da359af83c291,https://pg.linkedin.com/jobs/view/coordinator-mobile-maintenance-ug-at-k92-mining-inc-4433749946,Coordinator - Mobile Maintenance UG,,scraped,2026-07-07T20:35:01.223348,
718f21058606990f,https://pg.linkedin.com/jobs/view/porgera-officer-senior-surveillance-and-intelligence-at-barrick-mining-corporation-4435424224,"Porgera | Officer, Senior - Surveillance and Intelligence",,scraped,2026-07-07T20:35:09.410825,
a3f222b97a8e1c34,https://pg.linkedin.com/jobs/view/customer-sales-representative-at-coca-cola-europacific-partners-4432377478,Customer Sales Representative,Coca-Cola Europacific Partners,posted,2026-07-08T07:18:31.305217,78
5a4209faeedd7216,https://pg.linkedin.com/jobs/view/fleet-manager-at-coca-cola-europacific-partners-4436319958,Fleet Manager,Coca-Cola Europacific Partners,posted,2026-07-08T07:18:44.586361,80
41ec7674278748b5,https://pg.linkedin.com/jobs/view/area-sales-manager-at-coca-cola-europacific-partners-4437793052,Area Sales Manager,Coca-Cola Europacific Partners,posted,2026-07-08T07:18:59.609669,82
26a7969e93a04075,https://pg.linkedin.com/jobs/view/regional-sales-manager-at-coca-cola-europacific-partners-4423381233,Regional Sales Manager,Coca-Cola Europacific Partners,posted,2026-07-08T07:19:12.534687,84
f785f5d22daa93d2,https://pg.linkedin.com/jobs/view/site-hr-administration-officer-australian-mining-at-pt-talenta-eksekutif-asia-4435457430,Site HR & Administration Officer (Australian Mining),PT Talenta Eksekutif Asia,posted,2026-07-08T07:19:23.097945,86
a1ffe10bf22f2a6e,https://pg.linkedin.com/jobs/view/kitchen-staff-at-opaa%21-food-management-4435793990,Kitchen Staff,Opaa! Food Management,posted,2026-07-08T07:19:35.567700,88
1e50890d61c48435,https://pg.linkedin.com/jobs/view/graduate-engineer-program-at-exxonmobil-4436775113,Graduate Engineer Program,ExxonMobil,posted,2026-07-08T07:19:44.830972,90
dc4dd1f8b4c6eb9d,https://pg.linkedin.com/jobs/view/supervisor-admin-support-at-newmont-corporation-4436096862,Supervisor - Admin & Support,Newmont Corporation,posted,2026-07-08T07:19:53.090986,92
f1aff5c01485a545,https://pg.linkedin.com/jobs/view/electrical-team-leader-at-coca-cola-europacific-partners-4437794048,Electrical Team Leader,Coca-Cola Europacific Partners,posted,2026-07-08T07:20:06.741965,94
c81fc47d5bedc012,https://pg.linkedin.com/jobs/view/jammu-to-become-regional-hub-for-professional-development-lg-sinha-at-the-kashmir-monitor-4436276365,Jammu to become regional hub for professional development : LG Sinha,,scraped,2026-07-08T07:20:09.101400,
036395733893c127,https://pg.linkedin.com/jobs/view/higher-education-partnerships-coordinator-at-tetra-tech-4429954916,Higher Education Partnerships Coordinator,Tetra Tech,posted,2026-07-08T07:20:27.770051,96
5b00446793fee0dc,https://pg.linkedin.com/jobs/view/administration-logistics-coordinator-x2-at-world-vision-4437745725,Administration & Logistics Coordinator X2,,scraped,2026-07-08T07:20:40.103622,
7854025cb5f94cc4,https://pg.linkedin.com/jobs/view/fixed-plant-superintendent-at-st-barbara-limited-4434512068,Fixed Plant Superintendent,St Barbara Limited,posted,2026-07-08T07:21:23.559113,98
a3530e28907d35c0,https://pg.linkedin.com/jobs/view/grants-compliance-manager-at-world-vision-4436180900,Grants Compliance Manager,,scraped,2026-07-08T07:21:26.204896,
e235a3b737937b49,https://pg.linkedin.com/jobs/view/senior-business-banking-advisor-at-kina-bank-4437118704,Senior Business Banking Advisor,,scraped,2026-07-08T07:21:32.566164,
1d73ff4f536c97f7,https://pg.linkedin.com/jobs/view/technical-specialist-png-at-sandvik-4434803883,Technical Specialist - PNG,,scraped,2026-07-08T07:21:43.810558,
1e7020b397028161,https://pg.linkedin.com/jobs/view/unified-communication-engineer-mitel-at-ofc-tech-solutions-4436895470,Unified Communication Engineer - Mitel,,scraped,2026-07-08T07:21:50.937139,
71d555b553801379,https://pg.linkedin.com/jobs/view/field-security-officer-2-positions-buka-and-wewak-open-to-internal-and-external-applicants-at-international-civil-aviation-organization-4438150787,Field Security Officer (2 positions) (Buka and Wewak) [Open to internal and external applicants],,scraped,2026-07-08T07:22:05.202380,
7c4722a7ae21df65,https://pg.linkedin.com/jobs/view/supervisor-logistics-lae-at-barrick-mining-corporation-4376489925,"Supervisor - Logistics, Lae",,scraped,2026-07-08T07:22:11.358270,
7e9f88a800bd0631,https://pg.linkedin.com/jobs/view/chief-engineer-at-hilton-4426766860,Chief Engineer,Hilton,posted,2026-07-08T07:23:04.468018,100
76d499d3d038e2ad,https://pg.linkedin.com/jobs/view/senior-program-manager-coordination-convening-and-cohesion-pngwl-at-abt-global-australia-4414302232,"Senior Program Manager - Coordination, Convening and Cohesion | PNGWL",,scraped,2026-07-08T07:23:07.093067,
acb5ad7096e137e5,https://pg.linkedin.com/jobs/view/public-financial-management-advisor-bp-apsp-at-abt-global-australia-4436510256,Public Financial Management Advisor |BP-APSP,,scraped,2026-07-08T07:23:13.406114,
c80018312f21c139,https://pg.linkedin.com/jobs/view/grants-officer-bp-apsp-at-abt-global-australia-4434805725,Grants Officer|BP-APSP,,scraped,2026-07-08T13:19:41.573581,
de2ab4fea75eef57,https://pg.linkedin.com/jobs/view/advisor-local-procurement-at-newmont-corporation-4436899957,"Advisor, Local Procurement",Newmont Corporation,posted,2026-07-08T13:20:02.864165,102
06593d02d06b5166,https://pg.linkedin.com/jobs/view/operator-processing-services-at-k92-mining-inc-4433741101,Operator - Processing Services,,scraped,2026-07-08T13:20:17.587261,
6c278b1ec15f22be,https://pg.linkedin.com/jobs/view/supervisor-materials-control-at-newmont-corporation-4436523617,"Supervisor, Materials Control",Newmont Corporation,posted,2026-07-08T13:20:33.175535,104
c6a3680047a6cc26,https://pg.linkedin.com/jobs/view/wash-engineer-consultant-triple-s-program-papa-new-guinea-port-morsby-nationals-only-office-based%23594138-at-unicef-chad-4433160413,"WASH Engineer Consultant (Triple S Program) Papa New Guinea. Port Morsby. Nationals only, Office Based#594138",Unicef CHAD,posted,2026-07-08T13:20:45.850206,106
cfcd4818cacf68e5,https://pg.linkedin.com/jobs/view/area-programme-manager-at-world-vision-4435130132,Area Programme Manager,,scraped,2026-07-08T13:20:50.236360,
bf0f1fab5a9e2e78,https://pg.linkedin.com/jobs/view/production-solutions-engineer-digital-power-at-applus%2B-pacific-4436468991,Production Solutions Engineer (Digital Power),,scraped,2026-07-08T13:20:57.371597,
da06deca3fad947c,https://pg.linkedin.com/jobs/view/agi-operator-at-k92-mining-inc-4433906504,Agi Operator,,scraped,2026-07-08T13:21:11.244198,
3f3e6f6c0b38626c,https://pg.linkedin.com/jobs/view/chef-de-projet-song-h-f-at-expertise-france-4390008169,Chef de projet SoNG (H/F),,scraped,2026-07-08T13:21:18.889309,
3f642a0719ad0e0c,https://pg.linkedin.com/jobs/view/temporary-sso1-central-yorke-school-student-support-officer-2026-at-department-for-education-south-australia-4436154622,TEMPORARY SSO1 - CENTRAL YORKE SCHOOL - STUDENT SUPPORT OFFICER - 2026,"Department for Education, South Australia",posted,2026-07-08T13:21:52.040287,108
efdcc57f02218cf1,https://pg.linkedin.com/jobs/view/superintendent-ops-efficiency-at-k92-mining-inc-4433733298,Superintendent - Ops Efficiency,,scraped,2026-07-08T13:21:56.632538,
833cc1be60db9866,https://pg.linkedin.com/jobs/view/technician-processing-at-newmont-corporation-4437003708,"Technician, Processing",Newmont Corporation,posted,2026-07-08T18:57:24.588200,110
fe02d05fa21a34d9,https://pg.linkedin.com/jobs/view/maintenance-supervisor-mechanical-at-coca-cola-europacific-partners-4436727192,Maintenance Supervisor (Mechanical),Coca-Cola Europacific Partners,posted,2026-07-08T18:57:37.908372,112
69de1256dced9665,https://pg.linkedin.com/jobs/view/coordinator-mining-projects-at-k92-mining-inc-4433926230,Coordinator - Mining Projects,,scraped,2026-07-08T18:57:58.666589,
d7a236026d4620f9,https://pg.linkedin.com/jobs/view/loader-operator-at-k92-mining-inc-4434599143,Loader Operator,,scraped,2026-07-08T18:58:21.365020,
d26a90e0e71d22cb,https://pg.linkedin.com/jobs/view/mission-pilots-various-locations-at-maf-international-4437057316,Mission Pilots - Various locations,,scraped,2026-07-08T18:58:30.837645,
dcb5db7fd3edce88,https://pg.linkedin.com/jobs/view/director-social-performance-lihir-at-newmont-corporation-4436598540,"Director, Social Performance, Lihir",Newmont Corporation,posted,2026-07-08T18:58:53.521744,114
44f316cc1bca6fed,https://pg.linkedin.com/jobs/view/engineer-senior-geotechnical-community-land-access-agreements-at-barrick-mining-corporation-4428492007,"Engineer, Senior - Geotechnical - Community Land Access Agreements",,scraped,2026-07-08T18:58:57.977257,
e770c300f71fbc59,https://pg.linkedin.com/jobs/view/ndt-technician-ii-at-oceaneering-4436714679,NDT Technician II,Oceaneering,posted,2026-07-08T23:45:46.056696,116
69b5c4987811b68b,https://pg.linkedin.com/jobs/view/head-of-human-resources-at-easy-skill-4437393075,Head of Human Resources,,scraped,2026-07-09T11:25:44.366006,
9fb2bca0dbbd9fe7,https://pg.linkedin.com/jobs/view/site-engineer-at-smec-an-sj-group-company-4414926489,Site Engineer,SMEC (an SJ Group company),posted,2026-07-09T11:26:06.155900,118
7d6ade1fbf918267,https://pg.linkedin.com/jobs/view/motor-mechanic-at-orica-4437316675,Motor Mechanic,,scraped,2026-07-09T11:26:10.838128,
f6e6f688b2e50c57,https://pg.linkedin.com/jobs/view/aircraft-maintenance-manager-at-rishworth-aviation-4437364611,Aircraft Maintenance Manager,,scraped,2026-07-09T11:26:17.173541,
f842555288546979,https://pg.linkedin.com/jobs/view/technical-specialist-open-to-internal-and-external-applicants-at-international-civil-aviation-organization-4438152729,Technical Specialist [Open to internal and external applicants],International Civil Aviation Organization,posted,2026-07-09T11:26:32.739104,60
9235fd5e1ef2d139,https://pg.linkedin.com/jobs/view/technical-services-engineer-airframe-structures-at-pacific-aircrew-services-4438598928,Technical Services Engineer - Airframe Structures,,scraped,2026-07-09T11:26:37.358491,
e721380bee43b8d5,https://pg.linkedin.com/jobs/view/site-engineer-at-sj-group-4414943196,Site Engineer,SJ Group,posted,2026-07-09T11:26:49.416916,118
4a475a708b515c2c,https://pg.linkedin.com/jobs/view/senior-editor-at-digicel-pacific-4438131439,Senior Editor,,scraped,2026-07-09T11:27:10.018677,
f36b41d82dd39607,https://pg.linkedin.com/jobs/view/administrative-officer-papua-new-guinea-at-anyway-solutions-4437162618,Administrative Officer - Papua New Guinea,,scraped,2026-07-09T18:27:50.869958,
0449d9038558ba40,https://pg.linkedin.com/jobs/view/customer-service-manager-at-easy-skill-4437342010,Customer Service Manager,,scraped,2026-07-09T18:28:01.805749,
2ed4bfffa01e392d,https://pg.linkedin.com/jobs/view/associate-assurance-audit-at-ey-4387568963,Associate - Assurance - Audit,EY,posted,2026-07-09T18:28:26.052567,120
adeb7bb00861f690,https://pg.linkedin.com/jobs/view/salesforce-system-solution-architect-at-siemens-healthineers-4437095122,Salesforce System/Solution Architect,,scraped,2026-07-09T18:28:28.534488,
b781acc6e2969cd0,https://pg.linkedin.com/jobs/view/manager-technical-records-planning-at-pacific-aircrew-services-4438606662,Manager Technical Records & Planning,,scraped,2026-07-09T18:28:37.710340,
787b1e4eab0a6000,https://pg.linkedin.com/jobs/view/group-supply-chain-distribution-centre-development-manager-at-global-talent-search-4434911497,Group Supply Chain & Distribution Centre Development Manager,,scraped,2026-07-09T18:28:54.259270,
568cc624799ead00,https://pg.linkedin.com/jobs/view/procurement-officer-at-kina-bank-4438847302,Procurement Officer,,scraped,2026-07-09T23:54:31.429761,
39cedae2bc31cec8,https://pg.linkedin.com/jobs/view/head-of-maintenance-at-food-pro-png-ltd-4437359014,Head of Maintenance,,scraped,2026-07-09T23:54:45.249066,
9029c8747eaa094f,https://pg.linkedin.com/jobs/view/hsseq-administrator-4437335203,Hsseq Administrator,P&O Maritime Services Ltd,posted,2026-07-09T23:55:03.662663,122
09a225b7171ff855,https://pg.linkedin.com/jobs/view/national-fleet-manager-at-global-talent-search-4432313980,National Fleet Manager,,scraped,2026-07-09T23:55:20.127075,
740d78bfc8632f4b,https://pg.linkedin.com/jobs/view/hse-compliance-manager-at-global-talent-search-4422230037,HSE Compliance Manager,,scraped,2026-07-09T23:55:26.077148,
7315233ed39706d3,https://pg.linkedin.com/jobs/view/investment-specialist-ipsa-11-port-moresby-papua-new-guinea-open-to-internal-and-external-applicants-at-undp-careers-4438810677,"Investment Specialist, IPSA 11, Port Moresby, Papua New Guinea [Open to internal and external applicants]",UNDP Careers,posted,2026-07-09T23:55:46.460031,124
11017e5a1f0dd234,https://pg.linkedin.com/jobs/view/legal-counsel-litigation-at-digicel-pacific-4438558927,Legal Counsel-Litigation,,scraped,2026-07-09T23:55:55.084393,
2a55989ec6947a0a,https://pg.linkedin.com/jobs/view/promotions-producer-at-digicel-pacific-4438136152,Promotions Producer,,scraped,2026-07-09T23:56:01.370688,
c5361fd6c7636242,https://pg.linkedin.com/jobs/view/consultant-digital-health-advisor-at-palladium-make-it-possible-4438848195,"Consultant, Digital Health Advisor",Palladium: Make It Possible,posted,2026-07-09T23:56:15.034378,126
d93891e3b3634367,https://pg.linkedin.com/jobs/view/investment-specialist-ipsa-11-port-moresby-papua-new-guinea-open-to-internal-and-external-applicants-at-international-civil-aviation-organization-4438696654,"Investment Specialist, IPSA 11, Port Moresby, Papua New Guinea [Open to internal and external applicants]",International Civil Aviation Organization,posted,2026-07-09T23:56:27.263548,128
d679a79dbeb458f9,https://pg.linkedin.com/jobs/view/leader-band-b-3-central-yorke-school-assistant-principal-secondary-pathways-at-department-for-education-south-australia-4430134127,LEADER BAND B-3 - CENTRAL YORKE SCHOOL - ASSISTANT PRINCIPAL (SECONDARY & PATHWAYS),"Department for Education, South Australia",posted,2026-07-09T23:57:10.022156,130
33761e9612ec67bc,https://pg.linkedin.com/jobs/view/scheduler-at-digicel-pacific-4438880099,Scheduler,,scraped,2026-07-10T11:24:07.470039,
d8377df6cd38012b,https://pg.linkedin.com/jobs/view/road-safety-coordinator-at-digicel-pacific-4438876365,Road Safety Coordinator,,scraped,2026-07-10T11:24:15.850471,
c199d690d73308fc,https://pg.linkedin.com/jobs/view/community-liaison-officer-at-harmony-australasia-4435985084,Community Liaison Officer,,scraped,2026-07-10T11:24:23.906537,
92653bce4a0eab4b,https://pg.linkedin.com/jobs/view/kitchen-team-member-at-dome-cafe-group-4437964400,Kitchen Team Member,,scraped,2026-07-10T11:24:34.909773,
01dbbcf2b1dc9ab4,https://pg.linkedin.com/jobs/view/autonomous-flight-safety-system-afss-for-hypersonic-weapon-systems-at-the-strategic-spectrum-missions-advanced-resilient-trusted-systems-s%C2%B2marts-ota-4437986167,Autonomous Flight Safety System (AFSS) for Hypersonic Weapon Systems,,scraped,2026-07-10T11:24:44.133892,
66771782c0c4e907,https://pg.linkedin.com/jobs/view/driver-at-world-vision-4439005664,Driver,,scraped,2026-07-10T11:25:00.287207,
2b113e36e7af5ba4,https://pg.linkedin.com/jobs/view/grants-coordinator-stongim-wok-long-tvet-at-palladium-make-it-possible-4438897175,Grants Coordinator - Stongim Wok Long TVET,Palladium: Make It Possible,posted,2026-07-10T11:25:15.517383,132
0a6a3379bbe7c63f,https://pg.linkedin.com/jobs/view/monitoring-and-evaluation-specialist-4437939020,Monitoring And Evaluation Specialist,The Leprosy Mission-PNG,posted,2026-07-10T11:25:22.953990,134
82c2ae91b36c18a5,https://pg.linkedin.com/jobs/view/grants-lead-%E2%80%93-strongim-wok-long-tvet-at-palladium-make-it-possible-4438896197,Grants Lead – Strongim Wok Long TVET,Palladium: Make It Possible,posted,2026-07-10T11:25:35.920376,136
10e511ebefa5d82e,https://pg.linkedin.com/jobs/view/supply-distribution-manager-at-food-pro-png-ltd-4437949501,Supply & Distribution Manager,,scraped,2026-07-10T11:25:42.589988,
3baddb7861f84412,https://pg.linkedin.com/jobs/view/budget-finance-manager-at-dt-global-4437967857,Budget & Finance Manager,DT Global,posted,2026-07-10T11:26:01.938274,138
4e7dbd05d5c098f8,https://pg.linkedin.com/jobs/view/call-for-members-carnegie-quilters-at-prairie-arts-council-4435965110,Call For Members: Carnegie Quilters,Prairie Arts Council,posted,2026-07-10T11:26:16.251414,140
4c22e9b89337dd62,https://pg.linkedin.com/jobs/view/financial-controller-at-easy-skill-4437960468,Financial Controller,,scraped,2026-07-10T11:26:18.937159,
e15491f221d9ef31,https://pg.linkedin.com/jobs/view/gender-development-officer-at-harmony-australasia-4435968577,Gender Development Officer,,scraped,2026-07-10T11:26:35.770498,
355cd9ed430eaacd,https://pg.linkedin.com/jobs/view/fpa-analyst-at-digicel-pacific-4438858544,FPA Analyst,,scraped,2026-07-10T11:26:51.200355,
3184bb3ea60ff45e,https://pg.linkedin.com/jobs/view/gedsi-lead-%E2%80%93-strongim-wok-long-tvet-at-palladium-make-it-possible-4439028941,GEDSI Lead – Strongim Wok Long TVET,Palladium: Make It Possible,posted,2026-07-10T11:27:19.370311,142
440d67615d8b5584,https://pg.linkedin.com/jobs/view/senior-scholarship-coordinator-x2-%E2%80%93-strongim-wok-long-tvet-at-palladium-make-it-possible-4439036753,Senior Scholarship Coordinator (x2) – Strongim Wok Long TVET,Palladium: Make It Possible,posted,2026-07-10T11:27:31.157256,144
892c484572754276,https://pg.linkedin.com/jobs/view/accounts-payable-officer-at-hevilift-4435955348,Accounts Payable Officer,HEVILIFT,posted,2026-07-10T18:10:03.896672,146
5175a06acc68f7c2,https://pg.linkedin.com/jobs/view/r-d-technologist-%E2%80%93-snacks-beverages-at-paradise-company-ltd-4439077512,R&D Technologist – Snacks & Beverages,,scraped,2026-07-10T18:10:08.524155,
0a8b335043b5343c,https://pg.linkedin.com/jobs/view/chocolate-production-manager-at-paradise-company-ltd-4439091115,Chocolate Production Manager,,scraped,2026-07-10T18:10:19.187161,
bd52b2915e59791e,https://pg.linkedin.com/jobs/view/communications-specialist-partnerships-for-improving-education-at-abt-global-australia-4435957037,Communications Specialist | Partnerships for Improving Education,,scraped,2026-07-10T18:10:25.491244,
a31912f5c2fde316,https://pg.linkedin.com/jobs/view/kontakta-oss-at-fastighets%C3%A4garna-mittnord-ab-4436238315,Kontakta oss,,scraped,2026-07-10T18:10:32.296913,
1787b4049f66ba2d,https://pg.linkedin.com/jobs/view/procurement-manager-at-dt-global-4429645144,Procurement Manager,DT Global,posted,2026-07-10T18:10:47.577449,148
3c864e2742009ed9,https://pg.linkedin.com/jobs/view/diamond-drilling-supervisor-mining-natural-resources-at-pt-talenta-eksekutif-asia-4438302815,Diamond Drilling Supervisor (Mining & Natural Resources),PT Talenta Eksekutif Asia,posted,2026-07-10T18:11:12.061036,150
de7b364ead642a72,https://pg.linkedin.com/jobs/view/trade-marketing-manager-at-paradise-company-ltd-4439071866,Trade Marketing Manager,,scraped,2026-07-10T18:11:14.694232,
9d2ba9dff796e3bb,https://pg.linkedin.com/jobs/view/trade-marketing-representative-%E2%80%93-wewak-at-paradise-company-ltd-4439077532,Trade Marketing Representative – Wewak,,scraped,2026-07-10T18:11:24.982982,
21747def31dd6498,https://pg.linkedin.com/jobs/view/area-sales-manager-mt-hagen-at-paradise-company-ltd-4439082435,Area Sales Manager (Mt Hagen),,scraped,2026-07-10T18:11:31.383803,
b5d05938dd88aa3b,https://pg.linkedin.com/jobs/view/diamond-drilling-supervisor-mining-natural-resources-at-pt-talenta-eksekutif-asia-4438306688,Diamond Drilling Supervisor (Mining & Natural Resources),PT Talenta Eksekutif Asia,posted,2026-07-10T18:11:42.267940,150
9fd5c4ff5fbb8899,https://pg.linkedin.com/jobs/view/diamond-drilling-supervisor-mining-natural-resources-at-pt-talenta-eksekutif-asia-4438323260,Diamond Drilling Supervisor (Mining & Natural Resources),PT Talenta Eksekutif Asia,posted,2026-07-10T18:11:55.474922,150
d3ed3eafe0ac8ffb,https://pg.linkedin.com/jobs/view/technician-core-shed-at-newmont-corporation-4437974379,Technician Core Shed,Newmont Corporation,posted,2026-07-10T18:12:18.654111,152
838c8439b861897d,https://pg.linkedin.com/jobs/view/elektriker-elektroniker-m-w-d-at-leipziger-verkehrsbetriebe-4439099108,Elektriker/Elektroniker (m/w/d),,scraped,2026-07-10T18:12:21.195756,
37ec23cf796d74cb,https://pg.linkedin.com/jobs/view/scholarship-coordinator-x2-%E2%80%93-strongim-wok-long-tvet-at-palladium-make-it-possible-4439041517,Scholarship Coordinator (x2) – Strongim Wok Long TVET,Palladium: Make It Possible,posted,2026-07-10T18:12:39.184505,154
323e591fdf36a474,https://pg.linkedin.com/jobs/view/projektleiter-in-tiefbau-70-100%25-at-schutz-intervention-winterthur-4437984586,Projektleiter:in Tiefbau (70 - 100%),Schutz & Intervention Winterthur,posted,2026-07-10T18:13:39.286648,156
10636c08f941cb8d,https://pg.linkedin.com/jobs/view/deputy-team-leader-kokoda-initiative-partnership-apsp-at-abt-global-australia-4435945244,"Deputy Team Leader, Kokoda Initiative Partnership | APSP",,scraped,2026-07-10T18:13:43.945880,
81b598e38c82352b,https://pg.linkedin.com/jobs/view/senior-electrical-engineer-at-port-moresby-electrical-pme-4437975389,Senior Electrical Engineer,,scraped,2026-07-10T23:33:33.111996,
d9deb03a8d4f9661,https://pg.linkedin.com/jobs/view/process-technicians-at-paradise-company-ltd-4439082447,Process Technicians,,scraped,2026-07-10T23:33:41.468728,
661447ed8e2776b4,https://pg.linkedin.com/jobs/view/artists-wanted-demotte-library-art-display-at-prairie-arts-council-4435953708,Artists Wanted: DeMotte Library Art Display,Prairie Arts Council,posted,2026-07-10T23:33:57.418816,158
5cc7fd7135d8d336,https://pg.linkedin.com/jobs/view/sui-southern-gas-company-limited-jobs-2026-ssgc-apply-online-at-vulearning-jobs-4439332056,Sui Southern Gas Company Limited Jobs 2026: SSGC Apply Online,VULEARNING Jobs,posted,2026-07-10T23:34:31.201534,160
af943164750a9437,https://pg.linkedin.com/jobs/view/autonomous-flight-safety-system-afss-for-hypersonic-weapon-systems-at-the-strategic-spectrum-missions-advanced-resilient-trusted-systems-s%C2%B2marts-ota-4438375100,Autonomous Flight Safety System (AFSS) for Hypersonic Weapon Systems,,scraped,2026-07-10T23:34:43.499883,
164ea85becc3f2b9,https://pg.linkedin.com/jobs/view/senior-communication-associate-g-7-fixed-term-position-port-moresby-papua-new-guinea-%2300126773-at-unicef-chad-4436610733,"Senior Communication Associate, G-7, Fixed Term Position, Port Moresby, Papua New Guinea, #00126773",Unicef CHAD,posted,2026-07-10T23:35:06.226149,162
6c2a1afb7cba335f,https://pg.linkedin.com/jobs/view/conductor-a-cami%C3%B3n-adr-at-alsa-4435997544,Conductor/a Camión ADR,,scraped,2026-07-10T23:35:12.539244,
3e6cbff69b5427bc,https://pg.linkedin.com/jobs/view/personal-de-taller-oficial-de-3%C2%AA-at-alsa-4435987886,Personal de taller (oficial de 3ª),,scraped,2026-07-10T23:35:20.331620,
c49290fe5c559b68,https://pg.linkedin.com/jobs/view/free-watercolor-workshop-at-prairie-arts-council-4435944927,Free Watercolor Workshop,Prairie Arts Council,posted,2026-07-10T23:35:51.610098,164
18cb2ca188b4ab23,https://pg.linkedin.com/jobs/view/senior-monitoring-evaluation-research-learning-manager-%E2%80%93-strongim-wok-long-tvet-at-palladium-make-it-possible-4438885612,"Senior Monitoring, Evaluation, Research & Learning Manager – Strongim Wok Long TVET",Palladium: Make It Possible,posted,2026-07-10T23:36:17.458008,166
be0ae43813eb15ce,https://pg.linkedin.com/jobs/view/supervisor-registered-mine-electrician-at-newmont-corporation-4437560012,"Supervisor, Registered Mine Electrician",Newmont Corporation,posted,2026-07-10T23:36:42.616286,168
720d291e4e757657,https://pg.linkedin.com/jobs/view/fachbereichsleitung-tiefbau-%E2%80%93-abteilung-projektierung-und-realisierung-80-%E2%80%93-100%25-at-schutz-intervention-winterthur-4437985586,Fachbereichsleitung Tiefbau – Abteilung Projektierung und Realisierung (80 – 100%),Schutz & Intervention Winterthur,posted,2026-07-10T23:37:27.571890,170
e1d00d7b8d4d78a6,https://pg.linkedin.com/jobs/view/several-job-vacancies-hebou-construction-png-limited-at-png-facts-4439387877,Several Job Vacancies Hebou Construction (PNG) Limited,,scraped,2026-07-11T07:23:15.111906,
6bbc6c3599037e09,https://pg.linkedin.com/jobs/view/trade-marketing-executive-at-paradise-company-ltd-4439072673,Trade Marketing Executive,,scraped,2026-07-11T07:24:35.362283,
38b61447287ab60f,https://pg.linkedin.com/jobs/view/trade-marketing-representative-at-paradise-company-ltd-4439088216,Trade Marketing Representative,,scraped,2026-07-11T07:24:41.885853,
bb4e56d3b9939773,https://pg.linkedin.com/jobs/view/trade-marketing-representative-at-paradise-company-ltd-4439091098,Trade Marketing Representative,,scraped,2026-07-11T07:24:56.108665,
1bb75af1ea8ada7e,https://pg.linkedin.com/jobs/view/learning-development-manager-at-paradise-company-ltd-4439092077,Learning & Development Manager,,scraped,2026-07-11T11:34:11.855178,
2ed174b7826a12ef,https://pg.linkedin.com/jobs/view/kitchen-staff-substitute-at-opaa%21-food-management-4437902770,Kitchen Staff Substitute,Opaa! Food Management,posted,2026-07-11T11:34:37.543371,172
b7242d3b86675636,https://pg.linkedin.com/jobs/view/call-for-teachers-arts-all-the-time-at-prairie-arts-council-4435957714,Call For Teachers: Arts All The Time,Prairie Arts Council,posted,2026-07-11T11:34:52.732537,174
77f14b71a0b7bfe7,https://pg.linkedin.com/jobs/view/senior-project-sales-executive%0A-1-at-isi-steel-4436660564,"Senior Project Sales Executive
            ( 1 )",,scraped,2026-07-11T11:34:55.210788,
c591ef12b73d2dab,https://pg.linkedin.com/jobs/view/investment-specialist-ipsa-11-port-moresby-papua-new-guinea-open-to-internal-and-external-applicants-at-undp-papua-new-guinea-4436604565,"Investment Specialist, IPSA 11, Port Moresby, Papua New Guinea [Open to internal and external applicants]",UNDP Papua New Guinea,posted,2026-07-11T11:35:21.282921,176
17901a305c1b7c4c,https://pg.linkedin.com/jobs/view/artists-wanted-ayda-s-makers-market-at-prairie-arts-council-4436660770,Artists Wanted: Ayda'S Makers Market,Prairie Arts Council,posted,2026-07-11T11:35:53.349215,178
dc1081b97b796484,https://pg.linkedin.com/jobs/view/commercial-investment-analyst-at-paradise-company-ltd-4439070859,Commercial Investment Analyst,,scraped,2026-07-11T11:36:07.922382,
a4e0697b7dd5e368,https://pg.linkedin.com/jobs/view/medical-imaging-technologist-at-world-vision-4437938856,Medical Imaging Technologist,,scraped,2026-07-11T11:36:17.956964,
3dd311a4a5b721ce,https://pg.linkedin.com/jobs/view/field-security-officer-2-positions-buka-and-wewak-open-to-internal-and-external-applicants-at-undp-papua-new-guinea-4436600614,Field Security Officer (2 positions) (Buka and Wewak) [Open to internal and external applicants],UNDP Papua New Guinea,posted,2026-07-11T15:38:28.042786,180
bda7e4de7429ccc1,https://pg.linkedin.com/jobs/view/merchandiser-at-paradise-company-ltd-4439086316,Merchandiser,,scraped,2026-07-11T15:38:32.609256,
96b0eec394defd92,https://pg.linkedin.com/jobs/view/dispatch-operator-at-st-barbara-limited-4436667661,Dispatch Operator,St Barbara Limited,posted,2026-07-11T15:38:52.731262,182
e5889a7ff3e287d5,https://pg.linkedin.com/jobs/view/trade-systems-specialist-at-paradise-company-ltd-4439092058,Trade Systems Specialist,,scraped,2026-07-11T15:38:57.385147,
dd16688b3d882a80,https://pg.linkedin.com/jobs/view/business-management-and-information-technology-at-innovative-university-of-enga-4438938142,"Business, management and Information Technology",,scraped,2026-07-11T15:39:23.766273,
198b7bebca415148,https://pg.linkedin.com/jobs/view/prodejce-a-mechanik-kol-elektrokol-a-p%C5%99%C3%ADslu%C5%A1enstv%C3%AD-m-%C5%BE-at-mojekolo-4438923501,"Prodejce a mechanik kol, elektrokol a příslušenství (M/Ž)",,scraped,2026-07-11T15:39:55.139707,
b60c975ebfeb0bc9,https://pg.linkedin.com/jobs/view/trade-marketing-representative-at-paradise-company-ltd-4439086317,Trade Marketing Representative,,scraped,2026-07-11T15:40:20.340444,
01a652a39516ebb2,https://pg.linkedin.com/jobs/view/trade-marketing-representative-at-paradise-company-ltd-4439080501,Trade Marketing Representative,,scraped,2026-07-11T15:40:26.590504,
040e1c75d234b5f2,https://pg.linkedin.com/jobs/view/leiter-in-bauinspektorat-at-schutz-intervention-winterthur-4437996311,Leiter:in Bauinspektorat,Schutz & Intervention Winterthur,posted,2026-07-11T15:41:36.124201,184
e4f747324a60163c,https://pg.linkedin.com/jobs/view/dewatering-technician-at-st-barbara-limited-4436675501,Dewatering Technician,St Barbara Limited,posted,2026-07-11T15:41:51.593967,186
4adaa19e8f5f63b8,https://pg.linkedin.com/jobs/view/project-engineer-at-puma-energy-4429685467,Project Engineer,,scraped,2026-07-11T18:40:51.229842,
aff20af87b604efa,https://pg.linkedin.com/jobs/view/projektentwickler-in-m-w-d-at-centre-for-health-and-society-4439512923,Projektentwickler*in (m/w/d),,scraped,2026-07-11T18:41:57.774103,
8168b44872b683d4,https://pg.linkedin.com/jobs/view/commercial-operational-excellence-specialist-at-puma-energy-4429036470,Commercial Operational Excellence Specialist,,scraped,2026-07-11T18:42:15.044662,
1ad1baf1487b1acc,https://pg.linkedin.com/jobs/view/quality-control-online-technician-at-paradise-company-ltd-4439071876,Quality Control Online Technician,,scraped,2026-07-11T22:33:29.948814,
2f756292fe9c897f,https://pg.linkedin.com/jobs/view/merchandiser-at-paradise-company-ltd-4439076561,Merchandiser,,scraped,2026-07-11T22:33:46.442836,
5c81ed2a4a67de1e,https://pg.linkedin.com/jobs/view/country-director-at-duco-consultancy-4438958633,Country Director,,scraped,2026-07-12T07:51:26.337390,
66b255d866c85067,https://pg.linkedin.com/jobs/view/industrial-trainee-4438973037,Industrial Trainee,Mauberema Ecotourism Nature Conservation Education Research and Training Center ( MENCERTC),posted,2026-07-12T07:52:41.569991,188
366a4b042e6f0246,https://pg.linkedin.com/jobs/view/technician-auto-electrical-automation-at-k92-mining-inc-4436673987,Technician - Auto Electrical (Automation),,scraped,2026-07-12T07:53:00.157759,
dab58848e6ae8a3b,https://pg.linkedin.com/jobs/view/commercial-manager-mining-marine-at-puma-energy-4438307989,Commercial Manager - Mining & Marine,,scraped,2026-07-12T11:46:23.433897,
2068cf0781698425,https://pg.linkedin.com/jobs/view/technical-specialist-open-to-internal-and-external-applicants-at-undp-papua-new-guinea-4436606573,Technical Specialist [Open to internal and external applicants],UNDP Papua New Guinea,posted,2026-07-12T11:46:54.137914,60
a93451f36d1d4dca,https://pg.linkedin.com/jobs/view/kitchen-team-member-at-dome-cafe-group-4438953635,Kitchen Team Member,,scraped,2026-07-12T15:40:00.426223,
226af9e84de5b64f,https://pg.linkedin.com/jobs/view/experienced-mission-pilot-bougainville-at-maf-international-4438982742,Experienced Mission Pilot - Bougainville,,scraped,2026-07-12T15:40:11.665702,
0c15abe0f8e3ba16,https://pg.linkedin.com/jobs/view/dewatering-specialist-at-st-barbara-limited-4436662763,Dewatering Specialist,St Barbara Limited,posted,2026-07-12T15:41:31.014398,190
4c4562fb9bde4990,https://pg.linkedin.com/jobs/view/mine-operations-trainer-at-st-barbara-limited-4436662765,Mine Operations Trainer,St Barbara Limited,posted,2026-07-12T15:41:44.537401,192
06a44c3faa83846a,https://pg.linkedin.com/jobs/view/customer-service-manager-at-the-heineken-company-4438993624,Customer Service Manager,The HEINEKEN Company,posted,2026-07-12T19:58:48.357827,194
28d7283e90c4463c,https://pg.linkedin.com/jobs/view/utitlities-technician-at-the-heineken-company-4438998463,Utitlities Technician,The HEINEKEN Company,posted,2026-07-12T19:59:33.596662,196
afd853d58b03d8d0,https://pg.linkedin.com/jobs/view/autonomous-flight-safety-system-afss-for-hypersonic-weapon-systems-at-the-strategic-spectrum-missions-advanced-resilient-trusted-systems-s%C2%B2marts-ota-4438970687,Autonomous Flight Safety System (AFSS) for Hypersonic Weapon Systems,,scraped,2026-07-12T19:59:45.975984,
774a8b676473b994,https://pg.linkedin.com/jobs/view/salesforce-system-solution-architect-at-siemens-healthineers-4438975911,Salesforce System/Solution Architect,,scraped,2026-07-12T22:36:09.178247,
27232adba24f85b8,https://pg.linkedin.com/jobs/view/merchandiser-at-paradise-company-ltd-4439087253,Merchandiser,,scraped,2026-07-13T11:44:12.627786,
af6a2f4a80810bee,https://pg.linkedin.com/jobs/view/merchandiser-at-paradise-company-ltd-4439091096,Merchandiser,,scraped,2026-07-13T11:44:21.140762,
b0f93efaa7ac5017,https://pg.linkedin.com/jobs/view/diamond-driller-mining-natural-resources-at-pt-talenta-eksekutif-asia-4438308595,Diamond Driller (Mining & Natural Resources),PT Talenta Eksekutif Asia,posted,2026-07-13T11:44:40.079012,198
bc403df67d721c9f,https://pg.linkedin.com/jobs/view/diamond-driller-mining-natural-resources-at-pt-talenta-eksekutif-asia-4438304716,Diamond Driller (Mining & Natural Resources),PT Talenta Eksekutif Asia,posted,2026-07-13T11:44:45.236225,198
bd2db70f4396678b,https://pg.linkedin.com/jobs/view/diamond-driller-mining-natural-resources-at-pt-talenta-eksekutif-asia-4438325033,Diamond Driller (Mining & Natural Resources),PT Talenta Eksekutif Asia,posted,2026-07-13T11:44:50.593851,198
557f891e4ade4a6a,https://pg.linkedin.com/jobs/view/lawyer-%E2%80%93-litigation-at-jaku-lawyers-4437236269,Lawyer – Litigation,Jaku Lawyers,posted,2026-07-13T11:45:11.137503,200
6457203d69ed1d93,https://pg.linkedin.com/jobs/view/autonomous-flight-safety-system-afss-for-hypersonic-weapon-systems-at-the-strategic-spectrum-missions-advanced-resilient-trusted-systems-s%C2%B2marts-ota-4439145895,Autonomous Flight Safety System (AFSS) for Hypersonic Weapon Systems,,scraped,2026-07-13T11:45:15.616090,
f7ba26ada7f2cd99,https://pg.linkedin.com/jobs/view/international-affiliate-papua-new-guinea-at-lyra-health-4439122836,International Affiliate - Papua New Guinea,Lyra Health,posted,2026-07-13T11:45:36.637667,202
7b8d4f74be4dcc59,https://pg.linkedin.com/jobs/view/finance-executive-at-digicel-pacific-4439793067,Finance Executive,,scraped,2026-07-13T11:45:55.035325,
e466147164ba2176,https://pg.linkedin.com/jobs/view/finance-executive-at-digicel-pacific-4439776866,Finance Executive,,scraped,2026-07-13T11:46:01.059634,
3b99707ae86ad88c,https://pg.linkedin.com/jobs/view/pastor-at-city-mission-png-4439165266,Pastor,City Mission PNG,posted,2026-07-13T18:21:08.178797,204
48b7a4a1e547a649,https://pg.linkedin.com/jobs/view/administration-and-accounts-officer-at-city-mission-png-4439411204,Administration and Accounts Officer,City Mission PNG,posted,2026-07-13T18:21:27.994088,206
dffa024838a8216e,https://pg.linkedin.com/jobs/view/admin-officer-at-jaku-lawyers-4437238197,Admin Officer,Jaku Lawyers,posted,2026-07-13T18:21:41.079072,208
dfe33858491f534b,https://pg.linkedin.com/jobs/view/%E6%96%B0%E5%8D%92%E6%8E%A1%E7%94%A8%E6%83%85%E5%A0%B1-at-p-e-directions-inc-4440053007,新卒採用情報,"P&E Directions, Inc.",failed|wp_post_failed,2026-07-13T18:21:52.968704,
8c6d1b88967f6f57,https://pg.linkedin.com/jobs/view/community-affairs-manager-mining-natural-resources-at-pt-talenta-eksekutif-asia-4439416462,Community Affairs Manager (Mining & Natural Resources),PT Talenta Eksekutif Asia,posted,2026-07-13T18:21:57.698847,30
ff78a1838d02a1b1,https://pg.linkedin.com/jobs/view/head-of-site-infrastructure-services-mining-natural-resources-at-pt-talenta-eksekutif-asia-4439413533,Head of Site Infrastructure & Services (Mining & Natural Resources),PT Talenta Eksekutif Asia,posted,2026-07-13T18:22:08.789613,210
7acf51cb600e82db,https://pg.linkedin.com/jobs/view/head-of-site-infrastructure-services-mining-natural-resources-at-pt-talenta-eksekutif-asia-4439410709,Head of Site Infrastructure & Services (Mining & Natural Resources),PT Talenta Eksekutif Asia,posted,2026-07-13T18:22:17.535118,210
e0793afc7c19bee0,https://pg.linkedin.com/jobs/view/head-of-site-infrastructure-services-mining-natural-resources-at-pt-talenta-eksekutif-asia-4439405761,Head of Site Infrastructure & Services (Mining & Natural Resources),PT Talenta Eksekutif Asia,posted,2026-07-13T18:22:22.069013,210
160f2e7871b7ed1b,https://pg.linkedin.com/jobs/view/merchandiser-at-paradise-company-ltd-4439078532,Merchandiser,,scraped,2026-07-13T18:23:06.649139,
49259216924971f5,https://pg.linkedin.com/jobs/view/admin-support-smart-home-at-v-beyond-developments-public-company-limited-4439115858,Admin Support Smart Home,,scraped,2026-07-13T23:19:38.842071,
20b9c0c9e1962a56,https://pg.linkedin.com/jobs/view/partnerships-specialist-at-digmarit-ltd-4440099189,Partnerships Specialist,,scraped,2026-07-13T23:19:59.036324,
bb5f84a85f3f6912,https://pg.linkedin.com/jobs/view/advisor-business-development-at-barrick-mining-corporation-4430352999,Advisor - Business Development,,scraped,2026-07-13T23:20:53.513886,
495b6436174f4435,https://pg.linkedin.com/jobs/view/company-driver-at-tribe-agency-4439477483,Company Driver,,scraped,2026-07-14T07:25:14.243946,
ed96aa1a96375418,https://pg.linkedin.com/jobs/view/procurement-coordinators-at-techs-to-suit-inc-4437646881,Procurement Coordinators,,scraped,2026-07-14T07:25:58.148268,
ef1e72114a5e7d4e,https://pg.linkedin.com/jobs/view/autonomous-flight-safety-system-afss-for-hypersonic-weapon-systems-at-the-strategic-spectrum-missions-advanced-resilient-trusted-systems-s%C2%B2marts-ota-4439464597,Autonomous Flight Safety System (AFSS) for Hypersonic Weapon Systems,,scraped,2026-07-14T07:26:08.406798,
bd2a4d5ac8dda06b,https://pg.linkedin.com/jobs/view/prodejce-a-mechanik-kol-elektrokol-a-p%C5%99%C3%ADslu%C5%A1enstv%C3%AD-m-%C5%BE-at-mojekolo-4439464708,"Prodejce a mechanik kol, elektrokol a příslušenství (M/Ž)",,scraped,2026-07-14T07:26:20.439052,
70cc76d3557f3b63,https://pg.linkedin.com/jobs/view/international-finance-manager-kiribati-solomon-islands-indo-pacific-at-the-halo-trust-4440043055,International Finance Manager - Kiribati & Solomon Islands / Indo-Pacific,,scraped,2026-07-14T07:26:31.732544,
af6f02c6c17f14bf,https://pg.linkedin.com/jobs/view/network-cybersecurity-analyst-l2-ref-x0t1le-at-capgemini-4440009627,Network Cybersecurity Analyst L2 (REF: X0T1LE),,scraped,2026-07-14T07:26:45.541044,
c7c89e2641bd3669,https://pg.linkedin.com/jobs/view/advisor-people-training-safety-at-newmont-corporation-4439827384,"Advisor People, Training (Safety)",Newmont Corporation,failed|wp_post_failed,2026-07-14T07:27:02.889516,
9a24744490ffb151,https://pg.linkedin.com/jobs/view/general-manager-4439811214,General Manager,Technical Recruitment Solutions,failed|wp_post_failed,2026-07-14T07:27:25.686578,
abb305333259b743,https://pg.linkedin.com/jobs/view/technical-advisor-social-inclusion-at-world-vision-4440370577,Technical Advisor - Social Inclusion,,scraped,2026-07-14T07:27:28.317689,
e7cb7afea092bc77,https://pg.linkedin.com/jobs/view/customer-sales-representative-at-coca-cola-europacific-partners-4440556011,Customer Sales Representative,Coca-Cola Europacific Partners,failed|wp_post_failed,2026-07-14T12:23:41.777725,
33ffea6dbd2a2dfe,https://pg.linkedin.com/jobs/view/senior-project-engineer-at-nacap-pty-ltd-4439823790,Senior Project Engineer,,scraped,2026-07-14T12:23:54.339051,
f960318a84062bf1,https://pg.linkedin.com/jobs/view/project-manager-at-niugini-builders-4439815248,Project Manager,NIUGINI BUILDERS,failed|wp_post_failed,2026-07-14T12:24:10.401990,
d743f997f5c9f1bf,https://pg.linkedin.com/jobs/view/applications-engineer-at-bradken-4439811497,Applications Engineer,Bradken,failed|wp_post_failed,2026-07-14T12:24:46.864023,
1e4f774b9c36937a,https://pg.linkedin.com/jobs/view/community-affairs-manager-mining-natural-resources-at-pt-talenta-eksekutif-asia-4439423252,Community Affairs Manager (Mining & Natural Resources),PT Talenta Eksekutif Asia,failed|wp_post_failed,2026-07-14T12:25:03.330633,
75796d3f9329e6a3,https://pg.linkedin.com/jobs/view/enrolled-nurse-mental-health-inpatient-kenmore-hospital-goulburn-at-southern-nsw-local-health-district-4440534448,"Enrolled Nurse - Mental Health Inpatient, Kenmore Hospital - Goulburn",,scraped,2026-07-14T12:25:21.726244,
f1d3ad29b21b5c28,https://pg.linkedin.com/jobs/view/senior-program-manager-infrastructure-at-dt-global-4439826752,"Senior Program Manager, Infrastructure",DT Global,failed|wp_post_failed,2026-07-14T12:25:53.770353,
901bd09d1d672fdb,https://pg.linkedin.com/jobs/view/clinical-nurse-specialist-grade-2-mental-health-inpatient-kenmore-hospital-goulburn-at-southern-nsw-local-health-district-4440537399,"Clinical Nurse Specialist Grade 2 - Mental Health Inpatient, Kenmore Hospital - Goulburn",,scraped,2026-07-14T12:26:20.185440,
126d0f7e388a4370,https://pg.linkedin.com/jobs/view/merchandiser-at-coca-cola-europacific-partners-4440536871,Merchandiser,Coca-Cola Europacific Partners,posted,2026-07-14T17:49:48.779439,212
cc048293a40ea3af,https://pg.linkedin.com/jobs/view/%E4%B8%AD%E9%80%94%E6%8E%A1%E7%94%A8%E6%83%85%E5%A0%B1-at-p-e-directions-inc-4440047295,中途採用情報,"P&E Directions, Inc.",failed|wp_post_failed,2026-07-14T17:50:28.835600,
a213ff0f4ba5a899,https://pg.linkedin.com/jobs/view/finance-coordinator-at-dt-global-4439840228,Finance Coordinator,DT Global,posted,2026-07-14T17:50:43.102987,214
1791014ba5ce43eb,https://pg.linkedin.com/jobs/view/porgera-security-screening-supervisor-at-barrick-mining-corporation-4439826081,Porgera | Security Screening Supervisor,,scraped,2026-07-14T17:51:33.556961,
320339831cf9f177,https://pg.linkedin.com/jobs/view/enrolled-nurse-mental-health-inpatient-kenmore-hospital-goulburn-at-southern-nsw-local-health-district-4440538296,"Enrolled Nurse - Mental Health Inpatient, Kenmore Hospital - Goulburn",,scraped,2026-07-14T17:51:53.945793,
ed62bdcc62ac4bbd,https://pg.linkedin.com/jobs/view/customer-sales-representative-at-coca-cola-europacific-partners-4440548265,Customer Sales Representative,Coca-Cola Europacific Partners,posted,2026-07-14T21:40:22.868103,216
68d63c36a1aea324,https://pg.linkedin.com/jobs/view/lawyer-commercial-services-at-barrick-mining-corporation-4430312836,Lawyer - Commercial Services,,scraped,2026-07-14T21:41:11.297592,
9642f8e4817695aa,https://pg.linkedin.com/jobs/view/scaffolder-rigger-4439839423,Scaffolder/Rigger,woodgroup png,posted,2026-07-14T21:41:26.337562,218
e4410c63cc9b8507,https://pg.linkedin.com/jobs/view/driver-at-world-vision-4440509552,Driver,,scraped,2026-07-15T06:31:19.437838,
37e563859b8d6c1a,https://pg.linkedin.com/jobs/view/ima-tarima-flotante-yerden-is%C4%B1tma-belgesi-at-h%C3%BCni-parke-4440836707,IMA TARIMA FLOTANTE - Yerden Isıtma Belgesi,,scraped,2026-07-15T06:31:33.698807,
44ad42dd9dc52e36,https://pg.linkedin.com/jobs/view/general-manager-mro-at-pacific-aircrew-services-4439721555,General Manager MRO,,scraped,2026-07-15T06:32:08.831578,
17ac76c795f7c1cb,https://pg.linkedin.com/jobs/view/porgera-metallurgist-%E2%80%93-met-accounting-plant-metallurgy-at-barrick-mining-corporation-4439144108,Porgera | Metallurgist – Met Accounting - Plant Metallurgy,,scraped,2026-07-15T06:32:49.201045,
6eb0345c7844436f,https://pg.linkedin.com/jobs/view/power-pack-coordinator-at-coca-cola-europacific-partners-4440965640,Power Pack Coordinator,Coca-Cola Europacific Partners,posted,2026-07-15T12:55:45.592686,220
48af550f226a1f04,https://pg.linkedin.com/jobs/view/senior-communication-associate-g-7-fixed-term-position-port-moresby-papua-new-guinea-%2300126773-at-unicef-4439307954,"Senior Communication Associate, G-7, Fixed Term Position, Port Moresby, Papua New Guinea, #00126773",UNICEF,posted,2026-07-15T12:56:31.765061,222
5353ce0b7f1aa357,https://pg.linkedin.com/jobs/view/sourcing-coordinator-at-world-vision-4440932942,Sourcing Coordinator,,scraped,2026-07-15T12:56:48.346866,
8d16f9970b2854ea,https://pg.linkedin.com/jobs/view/johdon-assistentti-at-newil-bau-4440244618,Johdon assistentti,,scraped,2026-07-15T18:00:27.319982,
f79473937b912ec9,https://pg.linkedin.com/jobs/view/pre-feasibility-study-for-bankable-biodiesel-project-in-enb-papua-new-guinea-at-global-green-growth-institute-4440383681,"Pre-Feasibility Study for Bankable Biodiesel Project in ENB, Papua New Guinea",,scraped,2026-07-15T18:00:50.655975,
a93a24a9787da23f,https://pg.linkedin.com/jobs/view/social-behavior-change-specialist-p-3-fixed-term-position-%2300137802-port-moresby-papua-n-guinea-apr-open-for-international-candidates-only-at-unicef-4441227158,"Social & Behavior Change Specialist, P-3, Fixed Term Position, #00137802, Port Moresby - Papua N. Guinea, APR (Open for international candidates only)",UNICEF,posted,2026-07-15T18:01:18.969529,224
490f608b8b52212b,https://pg.linkedin.com/jobs/view/senior-program-manager-infrastructure-at-reliefweb-4440801260,"Senior Program Manager, Infrastructure",ReliefWeb,posted,2026-07-15T18:01:41.463806,226
7b85e7a277277bca,https://pg.linkedin.com/jobs/view/head-of-mining-operations-gold-mine-at-pt-talenta-eksekutif-asia-4440239005,Head of Mining Operations (Gold Mine),PT Talenta Eksekutif Asia,posted,2026-07-15T18:02:05.274273,228
a896d181534c4366,https://pg.linkedin.com/jobs/view/porgera-officer-travel-at-barrick-mining-corporation-4439826082,Porgera | Officer - Travel,,scraped,2026-07-15T18:02:21.681801,
85eb55ce4368ce2e,https://pg.linkedin.com/jobs/view/pastor-at-city-mission-png-4439473636,Pastor,City Mission PNG,posted,2026-07-15T21:34:32.020528,204
90822953c5d40722,https://pg.linkedin.com/jobs/view/social-behavior-change-specialist-p-3-fixed-term-position-%2300137802-port-moresby-papua-n-guinea-apr-open-for-international-candidates-only-at-unicef-chad-4438422276,"Social & Behavior Change Specialist, P-3, Fixed Term Position, #00137802, Port Moresby - Papua N. Guinea, APR (Open for international candidates only)",Unicef CHAD,posted,2026-07-15T21:34:52.644788,230
7e91ebf13d037962,https://pg.linkedin.com/jobs/view/temporary-teacher-central-yorke-school-middle-school-at-department-for-education-south-australia-4440940631,TEMPORARY TEACHER - CENTRAL YORKE SCHOOL - MIDDLE SCHOOL,"Department for Education, South Australia",posted,2026-07-15T21:35:35.891742,232
08c53a40ba8ecb02,https://pg.linkedin.com/jobs/view/scheduler-at-digicel-pacific-4441262954,Scheduler,,scraped,2026-07-16T06:37:22.905940,
ec922874a7776073,https://pg.linkedin.com/jobs/view/road-safety-coordinator-at-digicel-pacific-4441273649,Road Safety Coordinator,,scraped,2026-07-16T06:37:31.392944,
a29bdd4b6e34d949,https://pg.linkedin.com/jobs/view/autonomous-flight-safety-system-afss-for-hypersonic-weapon-systems-at-the-strategic-spectrum-missions-advanced-resilient-trusted-systems-s%C2%B2marts-ota-4440279528,Autonomous Flight Safety System (AFSS) for Hypersonic Weapon Systems,,scraped,2026-07-16T06:38:17.154039,
549e79cdff6c63b9,https://pg.linkedin.com/jobs/view/kitchen-team-member-at-dome-cafe-group-4438457903,Kitchen Team Member,,scraped,2026-07-16T06:38:32.500370,
a591f6b5930bb8ed,https://pg.linkedin.com/jobs/view/un-women-gender-responsive-journalism-port-moresby-papua-new-guinea-national-consultant-at-un-women-4441413470,"UN Women: Gender Responsive Journalism, Port Moresby, Papua New Guinea, National Consultant",UN Women,posted,2026-07-16T06:38:51.702609,234
b4b4094dd0f9cef0,https://pg.linkedin.com/jobs/view/community-affairs-manager-mining-natural-resources-at-pt-talenta-eksekutif-asia-4439404763,Community Affairs Manager (Mining & Natural Resources),PT Talenta Eksekutif Asia,posted,2026-07-16T06:38:56.391925,30
23c4cecb220839c2,https://pg.linkedin.com/jobs/view/senior-editor-at-digicel-pacific-4441283107,Senior Editor,,scraped,2026-07-16T06:39:01.066424,
f4058b61263e053e,https://pg.linkedin.com/jobs/view/consultant-digital-health-advisor-papua-new-guinea-at-palladium-make-it-possible-4438848195,"Consultant, Digital Health Advisor - Papua New Guinea",Palladium: Make It Possible,posted,2026-07-16T06:39:29.971538,236
c1d7eab0e6ad3234,https://pg.linkedin.com/jobs/view/offline-marketing-officer-at-v-beyond-developments-public-company-limited-4439115858,Offline Marketing Officer,,scraped,2026-07-16T13:07:16.990628,
d01cb89c601852c4,https://pg.linkedin.com/jobs/view/ssa-health-sector-improvement-program-finance-assistant-papua-new-guinea-at-world-health-organization-4440914135,"SSA - Health Sector Improvement Program, Finance Assistant, Papua New Guinea",,scraped,2026-07-16T13:07:29.217482,
218d4840152e41dd,https://pg.linkedin.com/jobs/view/merchandiser-at-paradise-company-ltd-4439072663,Merchandiser,,scraped,2026-07-16T13:08:49.975905,
b4c157d9a535d1ce,https://pg.linkedin.com/jobs/view/internship-event-technology-at-targetjobs-uk-4438317646,Internship - Event Technology,,scraped,2026-07-16T17:57:43.273750,
70d9a0b547e657fc,https://pg.linkedin.com/jobs/view/finance-executive-at-digicel-pacific-4441277536,Finance Executive,,scraped,2026-07-16T17:58:02.478363,
2441e119e6fe6478,https://pg.linkedin.com/jobs/view/shutdown-mechanical-supervisor-at-placements-international-4440602773,Shutdown Mechanical Supervisor,,scraped,2026-07-16T17:58:12.780356,
b52602ac56a19157,https://pg.linkedin.com/jobs/view/senior-program-manager-%E2%80%93-economic-research-and-dialogue-apep-at-abt-global-australia-4424039408,Senior Program Manager – Economic Research and Dialogue | APEP,,scraped,2026-07-16T17:58:21.586944,
0f826dcc506b103c,https://pg.linkedin.com/jobs/view/administrative-and-executive-associate-to-the-chief-of-mission-at-iom-un-migration-4439024059,Administrative and Executive Associate to the Chief of Mission,IOM - UN Migration,posted,2026-07-16T17:58:44.992380,238
198cc56bbf4b61db,https://pg.linkedin.com/jobs/view/assistant-manager-fund-accounting-at-acca-careers-4440768551,Assistant Manager - Fund Accounting,,scraped,2026-07-16T17:58:47.374539,
a5b2218c4abbcb9d,https://pg.linkedin.com/jobs/view/financial-controller-financial-services-at-global-talent-search-4440852365,Financial Controller - Financial Services,,scraped,2026-07-16T17:58:56.137985,
814097531b582863,https://pg.linkedin.com/jobs/view/human-resources-manager-at-easy-skill-4439993258,Human Resources Manager,,scraped,2026-07-16T17:59:02.648047,
f1a1fd0925563349,https://pg.linkedin.com/jobs/view/leitung-m-w-d-k-veranstaltungs-und-ausstellungstechnik-at-dthg-4441488649,Leitung (m/w/d/k) Veranstaltungs- und Ausstellungstechnik,,scraped,2026-07-16T17:59:13.583708,
9a0fdc57e596eb71,https://pg.linkedin.com/jobs/view/fpa-analyst-at-digicel-pacific-4441271722,FPA Analyst,,scraped,2026-07-16T17:59:24.035900,
6cbed6e9eafcb908,https://pg.linkedin.com/jobs/view/budget-and-compliance-officer-ug-at-iom-un-migration-4441433514,Budget and Compliance Officer (UG),IOM - UN Migration,posted,2026-07-16T17:59:44.605821,240
1e8dc712adc07860,https://pg.linkedin.com/jobs/view/police-canine-program-advisor-at-dt-global-4424354440,Police Canine Program Advisor,DT Global,posted,2026-07-16T18:00:18.007432,242
309beb0e1c33a8c1,https://pg.linkedin.com/jobs/view/lingala-bilingual-expert-remote-at-yo-it-consulting-4440623357,Lingala Bilingual Expert - Remote,,scraped,2026-07-16T21:47:40.651326,
a6d83da1f907a5d4,https://pg.linkedin.com/jobs/view/promotions-producer-at-digicel-pacific-4441281160,Promotions Producer,,scraped,2026-07-16T21:48:03.139383,
6c9518f4b41dd37c,https://pg.linkedin.com/jobs/view/projektmanager-bau-bauleiter-w-m-d%0Am%C3%BCnchen-schwabing-at-heylager-management-gmbh-4438728611,"Projektmanager Bau/ Bauleiter w/m/d
München Schwabing",,scraped,2026-07-16T21:48:09.201846,
4a91fed625cf00ca,https://pg.linkedin.com/jobs/view/operational-readiness-%E2%80%93-reliability-engineer-at-st-barbara-limited-4438096219,Operational Readiness – Reliability Engineer,St Barbara Limited,posted,2026-07-16T21:48:27.175226,244
78828cdf18798c1e,https://pg.linkedin.com/jobs/view/legal-counsel-litigation-at-digicel-pacific-4441273631,Legal Counsel-Litigation,,scraped,2026-07-16T21:48:31.830118,
ff446a417e29e9a3,https://pg.linkedin.com/jobs/view/odia-ai-trainer-remote-at-yo-it-consulting-4440627183,Odia AI Trainer - Remote,,scraped,2026-07-16T21:48:41.549174,
48a8e1287d732639,https://pg.linkedin.com/jobs/view/electrical-section-in-%E2%80%93-charge-at-astro-energy-a-e-4441163431,Electrical Section In – Charge,ASTRO ENERGY (A-E),posted,2026-07-17T06:29:32.884722,246
b43595e1f8b2ec92,https://pg.linkedin.com/jobs/view/required-assistant-teacher-education-facilitator-for-primary-at-vibgyor-hinjewadi-at-cbseguess-4440776031,Required Assistant Teacher/Education Facilitator For Primary at Vibgyor Hinjewadi,,scraped,2026-07-17T06:30:05.211993,
7c2cccfc04e67d29,https://pg.linkedin.com/jobs/view/advisor-people-training-drilling-at-newmont-corporation-4438479477,"Advisor People, Training (Drilling)",Newmont Corporation,posted,2026-07-17T06:30:20.766206,248
3aef7dcc07f6a189,https://pg.linkedin.com/jobs/view/technical-services-director-telecoms-ict-at-global-talent-search-4441925353,Technical Services Director - Telecoms & ICT,,scraped,2026-07-17T06:30:41.691858,
e7fc1f233dfcb44d,https://pg.linkedin.com/jobs/view/mpc-business-development-manager-png-at-akzonobel-4423348409,MPC Business Development Manager - PNG,,scraped,2026-07-17T06:30:52.069851,
692db4760d99fd7e,https://pg.linkedin.com/jobs/view/operational-readiness-%E2%80%93-mechanical-engineer-at-st-barbara-limited-4438448168,Operational Readiness – Mechanical Engineer,St Barbara Limited,posted,2026-07-17T06:31:24.036047,250
69148c9458eab4b5,https://pg.linkedin.com/jobs/view/project-engineer-at-astro-energy-a-e-4441158530,Project Engineer,ASTRO ENERGY (A-E),posted,2026-07-17T12:04:10.115555,252
c821ddff5c754199,https://pg.linkedin.com/jobs/view/cajero-sucursal-at-universia-m%C3%A9xico-4441151840,Cajero Sucursal,,scraped,2026-07-17T12:04:50.512494,
f5133cac7a4a3b99,https://pg.linkedin.com/jobs/view/porgera-specialist-senior-payroll-at-barrick-mining-corporation-4441121712,"Porgera | Specialist, Senior - Payroll",,scraped,2026-07-17T12:05:23.337407,
5aa4efbca7b64823,https://pg.linkedin.com/jobs/view/hse-advisor-papua-lng-at-wood-4441949688,HSE Advisor (Papua LNG),Wood,posted,2026-07-17T12:05:49.187545,254
2b91835d7ea49ef0,https://pg.linkedin.com/jobs/view/finance-executive-at-digicel-pacific-4441272716,Finance Executive,,scraped,2026-07-17T17:45:59.883754,
fb5cccbf061a1c82,https://pg.linkedin.com/jobs/view/un-women-programme-associate-port-moresby-papua-new-guinea-npsa-6-national-partner-personnel-service-agreement-at-un-women-4441992516,"UN Women: Programme Associate, Port Moresby, Papua New Guinea, NPSA-6, National Partner Personnel Service Agreement",UN Women,posted,2026-07-17T17:46:24.627157,256
fbcceebeeed9877c,https://pg.linkedin.com/jobs/view/mex-cajero-sucursal-at-tsb-bank-4438731523,MEX Cajero Sucursal,,scraped,2026-07-17T17:46:30.949077,
bca456d886ff31a6,https://pg.linkedin.com/jobs/view/technischer-mitarbeiter-handwerker-rohrinspektionstechniker-kummert-m-w-d-auf-montage-at-canal-control-%2B-clean-umweltschutzservices-gmbh-co-kg-4441195452,Technischer Mitarbeiter / Handwerker / Rohrinspektionstechniker (Kummert) (m/w/d) auf Montage,Canal-Control + Clean Umweltschutzservices GmbH &amp; Co. KG,posted,2026-07-17T17:46:43.976692,258
b5122bc74d0049a5,https://pg.linkedin.com/jobs/view/we%E2%80%99ve-got-you-covered-opening-at-manoomin-arts-initiative-4442112731,We’ve Got You Covered Opening,Manoomin Arts Initiative,posted,2026-07-17T17:46:58.200984,260
666921a318c90871,https://pg.linkedin.com/jobs/view/kontakta-oss-at-fastighets%C3%A4garna-mittnord-ab-4439822579,Kontakta oss,,scraped,2026-07-17T17:47:06.582883,
f5c62d74a0a37cd0,https://pg.linkedin.com/jobs/view/superintendent-community-projects-at-k92-mining-inc-4438776826,Superintendent - Community Projects,,scraped,2026-07-17T17:47:15.306559,
127b28d9574b3025,https://pg.linkedin.com/jobs/view/customer-engineer-i-at-ncr-atleos-4382426137,Customer Engineer I,NCR Atleos,posted,2026-07-17T17:47:29.682377,262
1729132962d0ff1c,https://pg.linkedin.com/jobs/view/infrastructure-engineer-at-digicel-pacific-4441275608,Infrastructure Engineer,,scraped,2026-07-17T17:47:32.308322,
a5a1c68a618c533b,https://pg.linkedin.com/jobs/view/geochemist-at-newmont-corporation-4441170384,Geochemist,Newmont Corporation,posted,2026-07-17T17:47:47.266355,264
fe9fa7f4c5ee9133,https://pg.linkedin.com/jobs/view/cost-controller-at-brunel-4439222229,Cost Controller,,scraped,2026-07-17T20:40:26.008693,
686faebaaafdca3e,https://pg.linkedin.com/jobs/view/deine-ausbildung-bei-busse-bau-w-m-d-at-dates-stadtmagazin-4442139962,"Deine Ausbildung bei Busse Bau (w,m,d)",DATEs Stadtmagazin,posted,2026-07-17T20:40:50.866811,266
a258f8dd2922f0b7,https://pg.linkedin.com/jobs/view/ssa-monitoring-evaluation-and-learning-expert-papua-new-guinea-at-world-health-organization-4440908525,"SSA - Monitoring, Evaluation, and Learning Expert, Papua New Guinea",,scraped,2026-07-18T05:58:15.762766,
18d53a3fb48327c7,https://pg.linkedin.com/jobs/view/credits-collections-analyst-at-astro-energy-a-e-4441174039,Credits & Collections Analyst,ASTRO ENERGY (A-E),posted,2026-07-18T05:58:29.596793,268
9c4cf10a5e7c25d8,https://pg.linkedin.com/jobs/view/autonomous-flight-safety-system-afss-for-hypersonic-weapon-systems-at-the-strategic-spectrum-missions-advanced-resilient-trusted-systems-s%C2%B2marts-ota-4441361238,Autonomous Flight Safety System (AFSS) for Hypersonic Weapon Systems,,scraped,2026-07-18T05:58:43.967795,
f5316604a45fdd9c,https://pg.linkedin.com/jobs/view/provincial-facilitator-at-dt-global-4440650966,Provincial Facilitator,DT Global,posted,2026-07-18T05:59:04.741165,270
4787fd03757b7cda,https://pg.linkedin.com/jobs/view/civil-supervisor-papua-lng-at-wood-4441957528,Civil Supervisor (Papua LNG),Wood,posted,2026-07-18T05:59:18.645299,272
f341cbd58fabc62e,https://pg.linkedin.com/jobs/view/autonomous-flight-safety-system-afss-for-hypersonic-weapon-systems-at-the-strategic-spectrum-missions-advanced-resilient-trusted-systems-s%C2%B2marts-ota-4441705890,Autonomous Flight Safety System (AFSS) for Hypersonic Weapon Systems,,scraped,2026-07-18T10:47:32.149770,
c1557a1e6ebfe1fc,https://pg.linkedin.com/jobs/view/chief-financial-officer-at-global-talent-search-4442423349,Chief Financial Officer,,scraped,2026-07-18T10:47:50.239344,
64aad566dcbbaf53,https://pg.linkedin.com/jobs/view/commercial-executive-x4-at-digicel-pacific-4441271701,Commercial Executive (x4),,scraped,2026-07-18T10:47:56.264076,
b677fc2a90ea384d,https://pg.linkedin.com/jobs/view/electrical-technician-field-service-at-cummins-asia-pacific-4392862341,Electrical Technician - Field Service,,scraped,2026-07-18T10:48:04.803200,
3d08886dd5d07955,https://pg.linkedin.com/jobs/view/ssa-hsip-finance-and-compliance-officer-papua-new-guinea-at-world-health-organization-4440961392,"SSA - HSIP Finance and Compliance Officer, Papua New Guinea",,scraped,2026-07-18T15:33:04.879403,
57a44f4cd64c1ecd,https://pg.linkedin.com/jobs/view/jammu-to-become-regional-hub-for-professional-development-lg-sinha-at-the-kashmir-monitor-4441309137,Jammu to become regional hub for professional development : LG Sinha,,scraped,2026-07-18T15:33:11.064055,
0fc8ff113cc6adfd,https://pg.linkedin.com/jobs/view/head-of-financial-reporting-at-global-talent-search-4442184322,Head of Financial Reporting,,scraped,2026-07-18T19:56:11.258782,
a253115286ac0246,https://pg.linkedin.com/jobs/view/director-research-analysis-at-anz-4441957694,"Director, Research & Analysis",,scraped,2026-07-18T19:56:21.395586,
a626e495508c4358,https://pg.linkedin.com/jobs/view/autonomous-flight-safety-system-afss-for-hypersonic-weapon-systems-at-the-strategic-spectrum-missions-advanced-resilient-trusted-systems-s%C2%B2marts-ota-4441736893,Autonomous Flight Safety System (AFSS) for Hypersonic Weapon Systems,,scraped,2026-07-18T22:34:22.033006,
eab5793553dececd,https://pg.linkedin.com/jobs/view/collage-humor-with-joan-kauppi-at-manoomin-arts-initiative-4442128043,Collage Humor with Joan Kauppi,Manoomin Arts Initiative,posted,2026-07-18T22:34:42.773540,274
6485c8b5d6da3a8c,https://pg.linkedin.com/jobs/view/making-cyanotypes-with-joseph-allen-at-manoomin-arts-initiative-4442124130,Making Cyanotypes with Joseph Allen,Manoomin Arts Initiative,posted,2026-07-18T22:34:52.050372,276
7a87c3c6f2256e89,https://pg.linkedin.com/jobs/view/technician-environment-monitoring-at-newmont-corporation-4441163595,"Technician, Environment Monitoring",Newmont Corporation,posted,2026-07-19T07:52:16.278226,278
98e4f0c8dee9baca,https://pg.linkedin.com/jobs/view/we%E2%80%99ve-got-you-covered-at-manoomin-arts-initiative-4442128042,We’ve Got You Covered,Manoomin Arts Initiative,posted,2026-07-19T07:52:37.711056,280
a9f4d83e165c4cb8,https://pg.linkedin.com/jobs/view/credits-collections-analyst-at-puma-energy-4414750986,Credits & Collections Analyst,,scraped,2026-07-19T07:52:40.349609,
2ff843e7aafc6e3b,https://pg.linkedin.com/jobs/view/kitchen-staff-at-opaa%21-food-management-4441115092,Kitchen Staff,Opaa! Food Management,posted,2026-07-19T11:40:29.164421,88
8280f13a2720b3b9,https://pg.linkedin.com/jobs/view/technical-services-airframe-structures-at-executiveplacements-com-4441766491,Technical Services Airframe Structures,,scraped,2026-07-19T11:40:45.740687,
8bfb385b99659f02,https://pg.linkedin.com/jobs/view/collage-humor-with-joan-kauppi-at-manoomin-arts-initiative-4442121217,Collage Humor With Joan Kauppi,Manoomin Arts Initiative,posted,2026-07-19T11:40:56.127379,274
020df0021db58331,https://pg.linkedin.com/jobs/view/powergrid-jobs-golden-opportunity-for-j-k-youth-check-posts-and-how-to-apply-at-the-kashmir-monitor-4441133773,PowerGrid jobs: Golden opportunity for J&K youth; check posts and how to apply,,scraped,2026-07-19T15:33:49.344119,
eb87270ceda2f9f5,https://pg.linkedin.com/jobs/view/shipping-head-at-confidential-company-4441718598,Shipping Head,Confidential Company,posted,2026-07-19T20:00:12.956328,282
5291eb06a3b6b8e8,https://pg.linkedin.com/jobs/view/t%C3%A9cnico-de-instalaci%C3%B3n-y-soporte-at-dtn-4411524861,Técnico de instalación y soporte,DTN,posted,2026-07-19T20:00:42.717180,284
902c1c1d7d49b998,https://pg.linkedin.com/jobs/view/licence-electrican-4441765118,Licence Electrican,GREENDOT ENERGY,posted,2026-07-19T20:00:53.940051,286
d236d2492f01179a,https://pg.linkedin.com/jobs/view/technician-field-service-technician-at-cummins-asia-pacific-4432979100,Technician - Field Service Technician,,scraped,2026-07-20T10:34:22.171053,
04b67f140e55736e,https://pg.linkedin.com/jobs/view/recruiter-at-brunel-4431085437,Recruiter,,scraped,2026-07-20T17:08:29.213171,
8078750054bdd196,https://pg.linkedin.com/jobs/view/autonomous-flight-safety-system-afss-for-hypersonic-weapon-systems-at-the-strategic-spectrum-missions-advanced-resilient-trusted-systems-s%C2%B2marts-ota-4442240115,Autonomous Flight Safety System (AFSS) for Hypersonic Weapon Systems,,scraped,2026-07-20T21:51:13.423694,
216dd56fbbdf655b,https://pg.linkedin.com/jobs/view/engineer-e-i-at-brunel-4440101651,Engineer E&I,,scraped,2026-07-20T21:51:31.851974,
a03f798e220e05b9,https://pg.linkedin.com/jobs/view/workshop-supervisor-at-wood-4443302008,Workshop Supervisor,Wood,posted,2026-07-21T07:44:06.106118,288
c811bb51bbda5c72,https://pg.linkedin.com/jobs/view/finance-internal-audit-manager-at-executiveplacements-com-4441771300,Finance Internal Audit Manager,,scraped,2026-07-21T07:44:08.659792,
7e20dd804910abb2,https://pg.linkedin.com/jobs/view/internal-audit-staff-at-rh-trading-limited-4442293220,Internal Audit Staff,RH TRADING LIMITED,posted,2026-07-21T07:44:22.599803,290
0a0d52b3eeed1759,https://pg.linkedin.com/jobs/view/electrical-section-in-%E2%80%93-charge-at-puma-energy-4414750984,Electrical Section In – Charge,,scraped,2026-07-21T07:44:35.238590,
154cc774443fbbcb,https://pg.linkedin.com/jobs/view/instrument-electrical-engineer-aromatics-at-ineos-styrolution-4396031641,Instrument & Electrical Engineer (Aromatics),,scraped,2026-07-21T07:44:55.797266,
2cf3a5cb9b9b645c,https://pg.linkedin.com/jobs/view/senior-officer-safety-at-nestl%C3%A9-4442635053,Senior Officer - Safety,Nestlé,posted,2026-07-21T13:04:42.915092,292
74c0697ff4542840,https://pg.linkedin.com/jobs/view/autonomous-flight-safety-system-afss-for-hypersonic-weapon-systems-at-the-strategic-spectrum-missions-advanced-resilient-trusted-systems-s%C2%B2marts-ota-4442609423,Autonomous Flight Safety System (AFSS) for Hypersonic Weapon Systems,,scraped,2026-07-21T13:04:53.280798,
4ec87cc5f5e5d4c0,https://pg.linkedin.com/jobs/view/dash-8-first-officer-at-wader-pilot-logbook-4440432347,Dash 8 First Officer,Wader Pilot Logbook,posted,2026-07-21T13:05:05.165653,294
5e11b8f6f384a5e1,https://pg.linkedin.com/jobs/view/people-culture-lead-at-nacap-pty-ltd-4442248621,People & Culture Lead,,scraped,2026-07-21T13:05:13.851920,
c4207e4d0c398f5a,https://pg.linkedin.com/jobs/view/manager-maintenance-planning-and-technical-records-at-executiveplacements-com-4441759696,Manager Maintenance Planning and Technical Records,,scraped,2026-07-21T13:05:22.553004,
7f45ae2dc528df43,https://pg.linkedin.com/jobs/view/manager-aircraft-maintenance-at-executiveplacements-com-4441776025,Manager Aircraft Maintenance,,scraped,2026-07-21T13:05:31.283992,
27b1e0ba51e11351,https://pg.linkedin.com/jobs/view/technician-power-and-utilities-at-newmont-corporation-4442007922,"Technician, Power and Utilities",Newmont Corporation,posted,2026-07-21T13:05:44.752530,296
cff42b4551a0bad0,https://pg.linkedin.com/jobs/view/jr-counsellor-at-seed-global-education-4442739259,Jr. Counsellor,,scraped,2026-07-21T18:51:43.501427,
4d2341dd42d52970,https://pg.linkedin.com/jobs/view/machine-shop-supervisor-at-lae-biscuit-company-limited-4443303856,Machine Shop Supervisor,,scraped,2026-07-21T18:51:52.197558,
74d4d7e60e09a2fa,https://pg.linkedin.com/jobs/view/worship-communion-and-song-at-manteca-assisted-living-at-st-paul-s-united-methodist-church-4443343072,"Worship, Communion and Song  At Manteca Assisted Living",St. Paul's United Methodist Church,posted,2026-07-21T18:52:14.547462,298
dbb76b50fffd05d6,https://pg.linkedin.com/jobs/view/graphic-designer-graphic-artist-at-paradise-company-ltd-4442718435,Graphic Designer / Graphic Artist,,scraped,2026-07-21T18:52:17.218658,
bdf61fa2e4fa7a89,https://pg.linkedin.com/jobs/view/kitchen-team-member-at-dome-cafe-group-4442679394,Kitchen Team Member,,scraped,2026-07-21T18:52:33.034381,
4c952da4ab0e493f,https://pg.linkedin.com/jobs/view/front-of-house-team-member-at-dome-cafe-group-4442663944,Front of House Team Member,,scraped,2026-07-21T18:52:40.306561,
eb9a3a29d83649f4,https://pg.linkedin.com/jobs/view/autonomous-flight-safety-system-afss-for-hypersonic-weapon-systems-at-the-strategic-spectrum-missions-advanced-resilient-trusted-systems-s%C2%B2marts-ota-4442697758,Autonomous Flight Safety System (AFSS) for Hypersonic Weapon Systems,,scraped,2026-07-21T23:18:31.339022,
0154174cc413cd49,https://pg.linkedin.com/jobs/view/senior-new-business-development-officer-at-resources-investment-finance-limited-4440412663,Senior New Business Development Officer,,scraped,2026-07-21T23:18:45.975381,
f099ffc59744c089,https://pg.linkedin.com/jobs/view/zimmerermeister-in-m-w-d-%E2%80%93-vollzeit-at-ammer-lech-bau-gmbh-4443581261,Zimmerermeister/in (m/w/d) – Vollzeit,Ammer Lech Bau GmbH,posted,2026-07-21T23:19:02.337127,300
61bd40f16f12fb1f,https://pg.linkedin.com/jobs/view/responsable-sanitario-at-pisa-farmac%C3%A9utica-4443569703,RESPONSABLE SANITARIO,,scraped,2026-07-21T23:19:04.666119,
5053411a665074bd,https://pg.linkedin.com/jobs/view/dash-8-captain-at-wader-pilot-logbook-4440444004,Dash 8 Captain,Wader Pilot Logbook,posted,2026-07-21T23:19:20.718267,302
59c2c09531540804,https://pg.linkedin.com/jobs/view/zimmerermeister-in-m-w-d-%E2%80%93-vollzeit-at-ammer-lech-bau-gmbh-4443559924,Zimmerermeister/in (m/w/d) – Vollzeit,Ammer Lech Bau GmbH,scraped,2026-07-21T23:19:26.741352,
f8dd83a12b662a83,https://pg.linkedin.com/jobs/view/zimmerergeselle-in-m-w-d-%E2%80%93-vollzeit-at-ammer-lech-bau-gmbh-4443578346,Zimmerergeselle/in (m/w/d) – Vollzeit,Ammer Lech Bau GmbH,posted,2026-07-21T23:19:35.778505,304
73e88d4fa1d03871,https://pg.linkedin.com/jobs/view/buchhalter-m-w-d-mit-backoffice-aufgaben-teilzeit-ab-16-stunden-woche-at-kalcon-bau-gmbh-4443562570,Buchhalter (m/w/d) mit Backoffice-Aufgaben Teilzeit ab 16 Stunden/Woche,,scraped,2026-07-21T23:19:42.530488,
e6678aebab58eab9,https://pg.linkedin.com/jobs/view/external-commercial-engagement-executive-at-bat-4414740615,External Commercial Engagement Executive,,scraped,2026-07-21T23:19:52.290398,
8d04cd0c34e863f3,https://pg.linkedin.com/jobs/view/applications-are-invited-from-competent-and-experienced-professionals-on-contractual-basis-to-be-engaged-under-sabagris-project-bau-sabour-at-horticulture-research-centre-hrc-kishanganj-bihar-agricultural-university-sabour-4443567064,"Applications are invited from competent and experienced professionals on contractual basis to be engaged under SABAGRIs Project, BAU, Sabour",,scraped,2026-07-22T09:18:15.411562,
acb3d03209888b1c,https://pg.linkedin.com/jobs/view/project-consultants-at-smec-an-sj-group-company-4442006156,Project Consultants,SMEC (an SJ Group company),posted,2026-07-22T09:18:40.429237,306
6e4090f8a65a83f4,https://pg.linkedin.com/jobs/view/commercial-manager-%E2%80%93-mining-marine-at-astro-energy-a-e-4443108137,Commercial Manager – Mining & Marine,ASTRO ENERGY (A-E),posted,2026-07-22T09:18:50.309172,308
06598e003108122d,https://pg.linkedin.com/jobs/view/junior-lab-technician-at-brightlands-4443342656,(Junior) Lab Technician,Brightlands,posted,2026-07-22T09:19:09.606273,309
bea5a593f4fe5b83,https://pg.linkedin.com/jobs/view/applications-are-invited-for-assistant-manager-and-business-executive-under-sabagris-bau-sabour-at-horticulture-research-centre-hrc-kishanganj-bihar-agricultural-university-sabour-4443562261,"Applications are invited for Assistant Manager and Business Executive under SABAGRIs, BAU, Sabour",,scraped,2026-07-22T09:19:12.194723,
eae5981175554caa,https://pg.linkedin.com/jobs/view/book-study-at-manteca-assisted-living-at-st-paul-s-united-methodist-church-4443324737,Book Study at Manteca Assisted Living,St. Paul's United Methodist Church,posted,2026-07-22T09:19:28.466157,311
d6777e20039d2826,https://pg.linkedin.com/jobs/view/air-niugini-job-service-training-lead-%E2%80%93-cabin-crew-at-png-facts-4442502205,Air Niugini job : Service Training Lead – Cabin Crew,,scraped,2026-07-22T09:19:31.160916,
a28bb9a7d328eab4,https://pg.linkedin.com/jobs/view/general-manager-mro-at-executiveplacements-com-4441776024,General Manager - MRO,,scraped,2026-07-22T09:19:37.447361,
d1f7d9bbcf10c03b,https://pg.linkedin.com/jobs/view/operations-manager-supply-chain-division-at-prop-listing-4441979679,"Operations Manager, Supply Chain Division",,scraped,2026-07-22T09:19:46.150225,
8048b1e9c2394d73,https://pg.linkedin.com/jobs/view/napesni%E2%80%99s-renegade-with-marcie-rendon-at-manoomin-arts-initiative-4442122165,Napesni’s Renegade with Marcie Rendon,Manoomin Arts Initiative,posted,2026-07-22T09:19:59.514999,313
cee2fc8d732f6c02,https://pg.linkedin.com/jobs/view/contract-manager-at-easy-skill-4442948609,Contract Manager,,scraped,2026-07-22T09:20:22.048917,
93d15b934d0c5fb3,https://pg.linkedin.com/jobs/view/hv-electrician-mobile-maintenance-at-brunel-4442608811,HV Electrician Mobile Maintenance,,scraped,2026-07-22T09:20:31.236643,
20b4fe00b3d24977,https://pg.linkedin.com/jobs/view/underground-hv-electrician-at-brunel-4442607899,Underground HV Electrician,,scraped,2026-07-22T09:20:47.823011,
637ce343f19f6286,https://pg.linkedin.com/jobs/view/construction-engineer-papua-lng-at-wood-4442567386,Construction Engineer (Papua LNG),Wood,posted,2026-07-22T09:21:12.609321,315
11b8c5bf773718e0,https://pg.linkedin.com/jobs/view/radiologist-papua-new-guinea-at-radbridge-global-4443316614,Radiologist (Papua New Guinea),,scraped,2026-07-22T09:21:17.526588,
46ebcbad7ddcb4c8,https://pg.linkedin.com/jobs/view/human-resource-officer-wcs-png-at-wcs-in-papua-new-guinea-4443753715,HUMAN RESOURCE OFFICER - WCS PNG,WCS in Papua New Guinea,posted,2026-07-22T15:54:40.068354,317
15c8fbf1b3dcf20d,https://pg.linkedin.com/jobs/view/autonomous-flight-safety-system-afss-for-hypersonic-weapon-systems-at-the-strategic-spectrum-missions-advanced-resilient-trusted-systems-s%C2%B2marts-ota-4443118756,Autonomous Flight Safety System (AFSS) for Hypersonic Weapon Systems,,scraped,2026-07-22T15:55:00.441896,
1cda378d2bcb9875,https://pg.linkedin.com/jobs/view/materials-coordinator-papua-lng-at-wood-4442555910,Materials Coordinator (Papua LNG),Wood,posted,2026-07-22T15:55:27.573823,319
a6d42a17c7e82981,https://pg.linkedin.com/jobs/view/zimmerergeselle-in-m-w-d-%E2%80%93-vollzeit-at-ammer-lech-bau-gmbh-4443576357,Zimmerergeselle/in (m/w/d) – Vollzeit,Ammer Lech Bau GmbH,posted,2026-07-22T15:55:36.710172,304
28039bfd271df73c,https://pg.linkedin.com/jobs/view/koordinator-m-w-d-infrastrukturkommunikation-leipziger-wasserwerke-gruppe-at-leipziger-verkehrsbetriebe-4443944028,Koordinator (m/w/d) Infrastrukturkommunikation Leipziger Wasserwerke-Gruppe,,scraped,2026-07-22T15:55:41.191456,
836481d4c2550cfe,https://pg.linkedin.com/jobs/view/projektleiter-in-baubewilligungsverfahren-80-100%25-at-schutz-intervention-winterthur-4441789596,Projektleiter:in Baubewilligungsverfahren (80 - 100%),Schutz & Intervention Winterthur,posted,2026-07-22T15:56:24.759345,321
713a0d957667537b,https://pg.linkedin.com/jobs/view/%E2%80%8B-lkw-fahrer-m-w-d-%E2%80%8B-at-leipziger-verkehrsbetriebe-4443500303,LKW-Fahrer (m/w/d),,scraped,2026-07-22T15:56:27.347559,
fc5ec222a9921b05,https://pg.linkedin.com/jobs/view/bauhilfsarbeiter-im-bereich-der-sanierung-neubau-m-w-d-at-kalcon-bau-gmbh-4443562571,Bauhilfsarbeiter im Bereich der Sanierung & Neubau (m/w/d),,scraped,2026-07-22T15:56:38.894365,
4cbeccd493a69e2e,https://pg.linkedin.com/jobs/view/grader-operator-4441701679,Grader operator,PPCC,posted,2026-07-22T15:56:51.310496,323
10dc777b089c0981,https://pg.linkedin.com/jobs/view/geologist-at-newmont-corporation-4443765177,Geologist,Newmont Corporation,posted,2026-07-22T15:56:59.917201,325
195d767b17b873f7,https://pg.linkedin.com/jobs/view/ict-level-1-support-engineer-at-digicel-pacific-4443570810,ICT Level 1 Support Engineer,,scraped,2026-07-22T20:20:50.253318,
25e081f3b33c31db,https://pg.linkedin.com/jobs/view/supervisor-smp-at-brunel-4443304321,Supervisor - SMP,,scraped,2026-07-22T20:21:10.666480,
81c1b1eb80066ab4,https://pg.linkedin.com/jobs/view/credits-collections-analyst-at-astro-energy-a-e-4443104312,Credits & Collections Analyst,ASTRO ENERGY (A-E),posted,2026-07-23T07:45:00.315975,268
719b89b97ce14201,https://pg.linkedin.com/jobs/view/dussmann-gulf-careers-%E2%80%93-new-job-opportunities-available-at-job-vacancy-at-dubai-4443790800,Dussmann Gulf Careers – New Job Opportunities Available,Job Vacancy At Dubai,posted,2026-07-23T07:45:10.883145,327
2a4b813acf104f72,https://pg.linkedin.com/jobs/view/autonomous-flight-safety-system-afss-for-hypersonic-weapon-systems-at-the-strategic-spectrum-missions-advanced-resilient-trusted-systems-s%C2%B2marts-ota-4443432278,Autonomous Flight Safety System (AFSS) for Hypersonic Weapon Systems,,scraped,2026-07-23T07:45:17.205825,
0e5024bdae73073d,https://pg.linkedin.com/jobs/view/rf-design-expert-for-the-development-of-wireless-communication-interfaces-of-chiplets-m-w-d-at-fraunhofer-institut-f%C3%BCr-zuverl%C3%A4ssigkeit-und-mikrointegration-4440493378,RF Design Expert for the Development of Wireless Communication Interfaces of Chiplets (m/w/d),Fraunhofer-Institut für Zuverlässigkeit und Mikrointegration,posted,2026-07-23T07:45:32.092900,329
425c7d16af77d68a,https://pg.linkedin.com/jobs/view/job-with-png-air-legal-administration-manager-company-secretary-at-png-facts-4443390032,JOB with PNG AIR : LEGAL ADMINISTRATION MANAGER & COMPANY SECRETARY,,scraped,2026-07-23T07:45:34.788480,
5af5b739609c07ff,https://pg.linkedin.com/jobs/view/business-development-manager-agriculture-at-global-talent-search-4431982581,Business Development Manager - Agriculture,,scraped,2026-07-23T07:45:41.258346,
4db21c45beb16484,https://pg.linkedin.com/jobs/view/advisor-operations-security-at-newmont-corporation-4442609056,"Advisor, Operations Security",Newmont Corporation,posted,2026-07-23T07:45:52.677624,331
11748496a1f9622a,https://pg.linkedin.com/jobs/view/mining-dispatch-lead-at-st-barbara-limited-4440402527,Mining Dispatch Lead,St Barbara Limited,posted,2026-07-23T07:46:05.122971,333
70fcd5d1570f26f2,https://pg.linkedin.com/jobs/view/atr72-first-officer-at-wader-pilot-logbook-4440440091,ATR72 First Officer,Wader Pilot Logbook,posted,2026-07-23T07:46:13.048909,335
4f26c2413786a385,https://pg.linkedin.com/jobs/view/%E2%80%8Bfachbearbeiter-m-w-d-%E2%80%8Bservice-und-anlagenpr%C3%BCfung-at-leipziger-verkehrsbetriebe-4443943054,Fachbearbeiter (m/w/d) Service und Anlagenprüfung,,scraped,2026-07-23T07:46:27.599083,
ea296b8bba4ab5b9,https://pg.linkedin.com/jobs/view/facharbeiter-maurer-im-bereich-der-sanierung-neubau-m-w-d-at-kalcon-bau-gmbh-4443578103,Facharbeiter / Maurer im Bereich der Sanierung & Neubau (m/w/d),,scraped,2026-07-23T07:46:39.231471,
b47727ebd3b89024,https://pg.linkedin.com/jobs/view/street-art-fest-2026-open-call-at-surface-gallery-4444233469,STREET ART FEST 2026 OPEN CALL,,scraped,2026-07-23T07:46:58.577458,
0807336c7dbd7bf7,https://pg.linkedin.com/jobs/view/autonomous-flight-safety-system-afss-for-hypersonic-weapon-systems-at-the-strategic-spectrum-missions-advanced-resilient-trusted-systems-s%C2%B2marts-ota-4443827476,Autonomous Flight Safety System (AFSS) for Hypersonic Weapon Systems,,scraped,2026-07-23T13:14:43.750216,
65cf287799e015c2,https://pg.linkedin.com/jobs/view/pomocn%C3%A1-sila-do-kuchyne-at-hotel-sun-senec-4443769089,Pomocná sila do kuchyne,,scraped,2026-07-23T13:15:07.646857,
3d725cb860e159cd,https://pg.linkedin.com/jobs/view/senior-project-sales-executive%0A-1-at-isi-steel-4439635190,"Senior Project Sales Executive
            ( 1 )",,scraped,2026-07-23T13:15:16.124163,
9e4276200ad3bff6,https://pg.linkedin.com/jobs/view/project-supervisor-at-st-barbara-limited-4440413185,Project Supervisor,St Barbara Limited,posted,2026-07-23T13:15:35.668124,337
73dd787a43f7b02f,https://pg.linkedin.com/jobs/view/auszubildende-r-zimmerer-in-at-ammer-lech-bau-gmbh-4443562826,Auszubildende/r Zimmerer/in,Ammer Lech Bau GmbH,posted,2026-07-23T13:15:45.095627,339
2bfb7f1feb6f9652,https://pg.linkedin.com/jobs/view/auszubildende-r-zimmerer-in-at-ammer-lech-bau-gmbh-4443577374,Auszubildende/r Zimmerer/in,Ammer Lech Bau GmbH,scraped,2026-07-23T13:15:49.139549,
a8420bfb215b18b8,https://pg.linkedin.com/jobs/view/metallurgist-at-newmont-corporation-4442609057,Metallurgist,Newmont Corporation,posted,2026-07-23T13:16:01.307927,341
688adb28495a88e1,https://pg.linkedin.com/jobs/view/financial-controller-at-global-talent-search-4441086791,Financial Controller,,scraped,2026-07-23T13:16:06.028026,
d164494ba2eaedc8,https://pg.linkedin.com/jobs/view/finance-manager-at-g4s-4441097665,Finance Manager,G4S,posted,2026-07-23T13:16:22.868662,343
b206fd297299ce09,https://pg.linkedin.com/jobs/view/education-business-services-manager-%E2%80%93-open-competition-1-year-term-at-enoch-cree-nation-4444206522,EDUCATION BUSINESS SERVICES MANAGER – OPEN COMPETITION (1 YEAR TERM),,scraped,2026-07-23T13:16:27.240452,
daf9070546835953,https://pg.linkedin.com/jobs/view/bautechniker-m-w-d-schwerpunkt-sanierung-neubau-mit-entwicklungsm%C3%B6glichkeit-zum-bauleiter-at-kalcon-bau-gmbh-4443573208,Bautechniker (m/w/d) Schwerpunkt Sanierung & Neubau mit Entwicklungsmöglichkeit zum Bauleiter,,scraped,2026-07-23T18:23:03.857590,
dba1841efbfd6585,https://pg.linkedin.com/jobs/view/technician-fitter-fpm-at-k92-mining-inc-4443107416,Technician - Fitter (FPM),,scraped,2026-07-23T18:23:33.313514,
b5de48e6d04b1f4e,https://pg.linkedin.com/jobs/view/electrical-section-in-%E2%80%93-charge-at-astro-energy-a-e-4444026246,Electrical Section In – Charge,ASTRO ENERGY (A-E),failed|wp_post_failed,2026-07-23T23:16:15.759403,
65abd5b46e26a722,https://pg.linkedin.com/jobs/view/autonomous-flight-safety-system-afss-for-hypersonic-weapon-systems-at-the-strategic-spectrum-missions-advanced-resilient-trusted-systems-s%C2%B2marts-ota-4444022775,Autonomous Flight Safety System (AFSS) for Hypersonic Weapon Systems,,scraped,2026-07-23T23:16:46.117757,
417343b4b7bd3d90,https://pg.linkedin.com/jobs/view/surfres-2026-call-for-submissions-at-surface-gallery-4444228596,SURFRES 2026 CALL FOR SUBMISSIONS,,scraped,2026-07-23T23:17:26.127755,
a2311dce754ae34e,https://pg.linkedin.com/jobs/view/spring-luncheon-2026-at-villa-majella-maternity-home-4444404714,Spring Luncheon 2026,Villa Majella Maternity Home,failed|wp_post_failed,2026-07-23T23:17:47.621682,
95e568ed1b2cca2b,https://pg.linkedin.com/jobs/view/ausbildung-im-bau-%3D-viele-berufe-mit-vorstellung-film-gehalt-chancen%E2%80%A6-at-struensee-gymnasium-4443886522,"Ausbildung im Bau => viele Berufe mit Vorstellung (Film, Gehalt, Chancen…)",Struensee Gymnasium,failed|wp_post_failed,2026-07-23T23:17:56.284278,
39c10209d657a5a9,https://pg.linkedin.com/jobs/view/hef-tradesmen-4443137949,HEF tradesmen,Barrick Gold Corporation-Porgera,failed|wp_post_failed,2026-07-23T23:18:02.998852,
cdec1e83c6b9add9,https://pg.linkedin.com/jobs/view/senior-grant-manager-aihss2-at-abt-global-australia-4440135044,"Senior Grant Manager, AIHSS2",,scraped,2026-07-23T23:18:07.620360,
